Div,Season,Date,HomeTeam,AwayTeam,FTHG,FTAG,FTR,HTHG,HTAG,HTR,B365H,B365D,B365A,BWH,BWD,BWA,GBH,GBD,GBA,IWH,IWD,IWA,LBH,LBD,LBA,PSH,PSD,PSA,WHH,WHD,WHA,SJH,SJD,SJA,VCH,VCD,VCA,BSH,BSD,BSA,Bb1X2,BbMxH,BbAvH,BbMxD,BbAvD,BbMxA,BbAvA,BbOU,BbMx>2.5,BbAv>2.5,BbMx<2.5,BbAv<2.5,BbAH,BbAHh,BbMxAHH,BbAvAHH,BbMxAHA,BbAvAHA,PSCH,PSCD,PSCA
GER2,2012/13,2012-08-03,Erzgebirge Aue,St Pauli,0,0,D,0,0,D,3.3,3.4,2.15,3.3,3.3,2.1,3.3,3.3,2.1,2.9,3.3,2.2,3.0,3.4,2.1,3.63,3.58,2.15,3.25,3.4,2.05,3.4,3.3,2.1,3.5,3.5,2.1,3.1,3.3,2.1,37,3.71,3.3,3.6,3.33,2.2,2.1,32,1.93,1.87,1.99,1.91,19,0.25,2.11,2.04,1.85,1.81,3.72,3.58,2.12
GER2,2012/13,2012-08-03,Hertha,Paderborn,2,2,D,0,1,A,1.57,4.1,5.5,1.5,4.0,6.0,1.5,4.0,6.0,1.5,3.9,5.5,1.44,4.0,6.0,1.6,4.23,6.03,1.53,4.0,5.5,1.53,4.0,6.0,1.53,4.2,6.5,1.44,4.2,6.0,35,1.56,1.51,4.4,4.0,6.81,6.05,30,1.82,1.75,2.11,2.05,18,-1.0,1.97,1.93,1.96,1.93,1.56,4.32,6.81
GER2,2012/13,2012-08-03,Ingolstadt,Cottbus,2,2,D,2,0,H,2.0,3.3,3.75,2.0,3.3,3.6,2.0,3.3,3.6,2.2,3.2,3.0,2.0,3.3,3.3,2.08,3.54,3.88,2.0,3.3,3.5,2.05,3.3,3.5,2.0,3.4,3.8,2.05,3.3,3.25,37,2.1,2.0,3.61,3.37,4.11,3.56,32,2.05,1.93,1.97,1.85,19,-0.25,1.76,1.71,2.25,2.18,2.0,3.6,4.08
GER2,2012/13,2012-08-04,Bochum,Dresden,2,1,H,0,1,A,2.2,3.4,3.2,2.15,3.3,3.2,,,,2.0,3.3,3.3,2.05,3.3,3.2,2.22,3.53,3.38,2.0,3.4,3.4,2.2,3.3,3.3,2.2,3.4,3.25,2.15,3.3,3.0,35,2.25,2.13,3.53,3.3,3.4,3.2,30,1.87,1.78,2.11,2.01,15,-0.5,2.25,2.19,1.73,1.69,2.06,3.62,3.87
GER2,2012/13,2012-08-04,Munich 1860,Regensburg,1,0,H,1,0,H,1.44,4.33,7.0,1.44,4.2,6.75,1.44,4.2,6.75,1.55,3.8,5.2,1.4,4.0,7.0,1.48,4.54,7.66,1.44,4.0,7.0,1.44,4.33,7.0,1.45,4.4,7.5,1.4,4.33,6.5,35,1.55,1.43,4.56,4.15,7.8,6.93,30,1.82,1.73,2.18,2.07,17,-1.0,1.75,1.72,2.25,2.16,1.36,5.25,10.35
GER2,2012/13,2012-08-05,Braunschweig,FC Koln,1,0,H,0,0,D,2.5,3.3,2.75,2.45,3.25,2.75,2.45,3.25,2.75,2.55,3.3,2.55,2.5,3.1,2.6,2.56,3.31,3.01,2.4,3.3,2.7,2.6,3.2,2.75,2.5,3.25,2.9,2.5,3.2,2.6,35,2.65,2.47,3.31,3.18,3.02,2.75,30,2.0,1.91,2.0,1.88,16,0.0,1.82,1.77,2.18,2.08,2.16,3.5,3.66
GER2,2012/13,2012-08-05,Duisburg,Aalen,1,4,A,1,2,A,1.67,3.75,5.0,1.67,3.6,5.0,1.67,3.6,5.0,1.7,3.5,4.4,1.67,3.5,4.5,1.67,3.94,5.77,1.6,3.6,4.6,1.67,3.6,5.0,1.65,3.8,5.5,1.62,3.6,5.0,35,1.77,1.69,3.8,3.56,5.3,4.7,29,1.96,1.86,2.0,1.93,15,-0.75,2.04,1.97,1.94,1.89,1.68,3.96,5.84
GER2,2012/13,2012-08-05,Sandhausen,Frankfurt FSV,1,1,D,1,1,D,2.2,3.3,3.3,2.1,3.25,3.4,2.1,3.25,3.4,2.2,3.3,2.9,2.2,3.3,2.88,2.2,3.47,3.54,2.3,3.25,2.88,2.25,3.2,3.2,2.15,3.4,3.4,2.2,3.25,3.0,35,2.3,2.14,3.47,3.24,3.57,3.25,30,2.08,1.97,1.87,1.81,16,-0.25,1.97,1.85,2.06,2.01,2.42,3.55,3.08
GER2,2012/13,2012-08-06,Kaiserslautern,Union Berlin,3,3,D,0,0,D,1.73,3.5,5.0,1.72,3.5,4.75,1.72,3.5,4.75,1.7,3.5,4.4,1.73,3.4,4.33,1.79,3.77,4.98,1.73,3.5,4.4,1.73,3.5,4.5,1.75,3.7,4.8,1.73,3.5,4.33,35,1.79,1.72,3.77,3.51,5.0,4.55,30,2.04,1.94,1.93,1.84,15,-0.75,2.04,1.98,1.92,1.89,1.69,4.01,5.58
GER2,2012/13,2012-08-10,Aalen,Kaiserslautern,1,2,A,1,2,A,3.2,3.4,2.2,3.1,3.3,2.2,3.1,3.3,2.2,2.8,3.2,2.3,2.88,3.25,2.2,3.27,3.53,2.32,3.1,3.3,2.15,3.13,3.3,2.25,3.2,3.4,2.25,2.75,3.3,2.3,35,3.37,3.04,3.51,3.3,2.36,2.23,29,1.95,1.88,1.99,1.9,18,0.25,1.98,1.92,2.02,1.94,3.37,3.51,2.27
GER2,2012/13,2012-08-10,Cottbus,Erzgebirge Aue,3,0,H,2,0,H,1.83,3.5,4.33,1.83,3.4,4.2,1.83,3.4,4.2,1.85,3.5,3.7,1.83,3.4,3.75,1.87,3.73,4.6,1.83,3.4,4.0,1.83,3.5,4.0,1.83,3.6,4.5,1.85,3.5,3.75,35,1.9,1.84,3.75,3.45,4.48,4.02,30,2.03,1.95,1.93,1.84,17,-0.5,1.9,1.86,2.04,2.0,1.98,3.57,4.26
GER2,2012/13,2012-08-10,FC Koln,Sandhausen,1,1,D,0,0,D,1.57,3.8,6.0,1.62,3.7,5.25,1.62,3.7,5.25,1.6,3.6,5.0,1.57,3.75,5.0,1.56,4.37,6.51,1.55,3.8,5.5,1.53,4.0,6.0,1.57,4.2,6.0,1.57,3.6,5.0,35,1.6,1.56,4.33,3.88,6.22,5.64,30,1.82,1.73,2.23,2.09,17,-0.75,1.76,1.7,2.29,2.21,1.58,4.36,6.36
GER2,2012/13,2012-08-11,Paderborn,Bochum,4,0,H,2,0,H,2.05,3.4,3.5,2.0,3.3,3.6,2.0,3.3,3.6,2.2,3.3,2.9,2.0,3.3,3.3,2.18,3.49,3.57,2.0,3.3,3.5,2.1,3.3,3.4,2.1,3.4,3.4,2.05,3.3,3.2,35,2.2,2.08,3.5,3.3,3.65,3.35,30,1.98,1.9,1.96,1.89,16,-0.5,2.25,2.17,1.77,1.71,2.25,3.54,3.39
GER2,2012/13,2012-08-11,St Pauli,Ingolstadt,1,1,D,0,0,D,1.62,3.8,5.5,1.65,3.75,4.75,1.65,3.75,4.75,1.8,3.4,4.0,1.62,3.5,5.0,1.73,3.94,5.15,1.65,3.6,4.8,1.67,3.6,5.0,1.67,3.75,5.25,1.67,3.5,4.75,35,1.8,1.66,4.0,3.62,5.5,4.86,30,1.8,1.73,2.17,2.08,16,-0.75,1.96,1.91,2.0,1.96,1.62,4.23,6.0
GER2,2012/13,2012-08-12,Frankfurt FSV,Hertha,3,1,H,0,1,A,3.8,3.6,1.91,3.7,3.4,1.95,3.7,3.4,1.95,3.1,3.3,2.1,3.6,3.3,1.91,4.08,3.67,1.97,3.5,3.4,1.95,3.75,3.4,2.0,3.9,3.5,1.91,3.4,3.4,1.95,35,4.08,3.68,3.67,3.38,2.1,1.94,30,1.86,1.8,2.09,1.99,17,0.25,2.29,2.22,1.74,1.68,3.53,3.45,2.23
GER2,2012/13,2012-08-12,Regensburg,Duisburg,2,0,H,1,0,H,2.7,3.4,2.5,2.8,3.25,2.4,2.8,3.25,2.4,2.4,3.3,2.65,2.7,3.2,2.38,2.96,3.4,2.54,2.7,3.2,2.45,2.8,3.25,2.5,2.88,3.3,2.45,2.75,3.2,2.38,35,2.97,2.75,3.4,3.21,2.65,2.46,30,2.02,1.91,1.95,1.88,18,0.0,2.13,2.05,1.9,1.8,2.76,3.45,2.72
GER2,2012/13,2012-08-12,Union Berlin,Braunschweig,0,1,A,0,1,A,2.2,3.4,3.2,2.05,3.25,3.5,2.05,3.25,3.5,2.1,3.2,3.2,2.15,3.3,3.0,2.31,3.41,3.34,2.15,3.2,3.2,2.2,3.25,3.25,2.25,3.3,3.25,2.15,3.25,3.1,34,2.31,2.15,3.41,3.25,3.5,3.23,30,2.11,2.01,1.86,1.78,17,-0.25,1.99,1.93,1.97,1.93,2.4,3.44,3.2
GER2,2012/13,2012-08-13,Dresden,Munich 1860,2,2,D,1,1,D,2.4,3.25,2.9,2.4,3.2,2.85,2.4,3.2,2.85,2.3,3.3,2.75,2.4,3.1,2.75,2.49,3.46,2.99,2.4,3.3,2.7,2.4,3.13,3.0,2.4,3.3,2.9,2.38,3.25,2.7,35,2.49,2.39,3.46,3.23,3.0,2.81,30,1.93,1.85,2.01,1.94,18,0.0,1.81,1.76,2.15,2.09,2.43,3.42,3.14
GER2,2012/13,2012-08-24,Braunschweig,Paderborn,2,1,H,0,1,A,1.8,3.6,4.33,1.91,3.5,4.1,1.91,3.5,4.1,2.0,3.3,3.3,1.91,3.3,3.4,1.89,3.59,4.48,1.95,3.2,3.4,1.83,3.5,4.0,1.87,3.5,4.4,1.83,3.5,3.75,33,2.0,1.86,3.6,3.42,4.43,3.98,28,2.06,1.97,1.89,1.81,16,-0.25,1.65,1.63,2.43,2.32,1.93,3.7,4.24
GER2,2012/13,2012-08-24,Hertha,Regensburg,2,1,H,2,0,H,1.4,4.5,8.0,1.5,4.1,6.0,1.5,4.1,6.0,1.5,3.9,5.5,1.4,4.0,6.5,1.44,4.7,8.0,1.44,3.8,6.0,1.44,4.33,7.0,1.44,4.6,7.5,1.4,4.33,6.5,34,1.5,1.42,4.7,4.25,8.0,6.99,27,1.76,1.69,2.28,2.14,17,-1.0,1.74,1.69,2.28,2.2,1.44,4.9,8.0
GER2,2012/13,2012-08-24,Sandhausen,Union Berlin,2,0,H,1,0,H,2.5,3.3,2.8,2.5,3.3,2.65,2.5,3.3,2.65,2.5,3.35,2.5,2.5,3.1,2.5,2.58,3.51,2.8,2.5,3.2,2.45,2.6,3.2,2.75,2.55,3.4,2.75,2.5,3.2,2.6,34,2.83,2.6,3.5,3.3,2.7,2.56,28,1.93,1.87,2.0,1.92,18,0.0,2.06,1.97,1.91,1.86,2.68,3.5,2.72
GER2,2012/13,2012-08-25,Cottbus,St Pauli,2,0,H,1,0,H,2.7,3.25,2.6,2.6,3.2,2.6,2.6,3.2,2.6,2.5,3.35,2.5,2.38,3.1,2.6,2.87,3.4,2.58,2.5,3.2,2.45,2.75,3.2,2.6,2.8,3.3,2.55,2.6,3.2,2.5,32,2.87,2.69,3.4,3.2,2.6,2.51,26,2.05,1.96,1.91,1.83,18,0.0,2.08,2.0,1.88,1.83,3.05,3.35,2.47
GER2,2012/13,2012-08-25,Duisburg,Dresden,1,3,A,0,2,A,2.3,3.3,3.1,2.35,3.3,3.1,2.35,3.3,3.1,2.3,3.2,2.8,2.2,3.25,2.75,2.27,3.49,3.3,2.2,3.2,2.8,2.25,3.25,3.13,2.25,3.4,3.2,2.25,3.2,2.88,32,2.35,2.27,3.5,3.24,3.3,2.99,26,1.93,1.86,2.02,1.93,17,0.0,1.67,1.64,2.35,2.27,2.43,3.48,3.07
GER2,2012/13,2012-08-26,Bochum,Aalen,0,1,A,0,0,D,1.85,3.6,4.0,1.85,3.5,3.9,1.85,3.5,3.9,1.85,3.4,3.8,1.8,3.3,3.75,2.04,3.58,3.84,1.8,3.4,3.75,1.95,3.4,3.8,1.98,3.5,3.9,1.91,3.4,3.6,34,2.06,1.94,3.62,3.38,3.9,3.67,28,1.9,1.79,2.08,2.0,15,-0.5,2.06,2.02,1.87,1.84,2.29,3.5,3.28
GER2,2012/13,2012-08-26,Ingolstadt,Frankfurt FSV,0,2,A,0,1,A,1.75,3.5,4.75,1.8,3.5,4.2,1.8,3.5,4.2,1.75,3.4,4.3,1.8,3.3,3.75,1.83,3.68,4.7,1.73,3.3,4.2,1.83,3.4,4.33,1.8,3.6,4.6,1.8,3.5,3.8,34,1.86,1.79,3.75,3.44,4.75,4.24,28,1.95,1.85,1.98,1.93,16,-0.75,2.09,2.04,1.87,1.82,2.18,3.38,3.7
GER2,2012/13,2012-08-26,Kaiserslautern,Munich 1860,0,0,D,0,0,D,1.91,3.6,3.8,1.95,3.5,4.0,1.95,3.5,4.0,2.0,3.3,3.3,1.83,3.3,3.6,1.92,3.69,4.21,1.91,3.3,3.4,1.91,3.5,3.8,1.87,3.6,4.1,1.85,3.5,3.6,34,2.0,1.88,3.69,3.43,4.21,3.83,28,1.92,1.83,2.03,1.95,15,-0.5,1.92,1.88,2.02,1.98,1.77,3.9,4.91
GER2,2012/13,2012-08-27,Erzgebirge Aue,FC Koln,2,0,H,1,0,H,3.1,3.3,2.3,3.2,3.3,2.3,3.2,3.3,2.3,2.8,3.2,2.3,2.7,3.25,2.25,3.13,3.42,2.39,3.0,3.1,2.15,3.0,3.25,2.3,3.1,3.4,2.3,2.88,3.2,2.3,33,3.2,2.97,3.42,3.23,2.4,2.28,27,2.08,1.98,1.87,1.81,17,0.0,2.28,2.2,1.72,1.67,3.2,3.39,2.41
GER2,2012/13,2012-08-31,Dresden,Kaiserslautern,1,3,A,0,1,A,2.7,3.4,2.5,2.75,3.4,2.55,2.75,3.4,2.55,2.55,3.2,2.55,2.5,3.1,2.5,2.73,3.49,2.64,2.6,3.2,2.5,2.63,3.3,2.5,2.7,3.4,2.6,2.6,3.2,2.5,38,2.8,2.66,3.5,3.27,2.67,2.52,32,1.86,1.79,2.12,2.01,22,0.0,2.04,1.96,1.92,1.87,2.77,3.41,2.68
GER2,2012/13,2012-08-31,FC Koln,Cottbus,0,1,A,0,1,A,1.91,3.4,4.0,1.95,3.3,3.8,1.95,3.3,3.8,2.0,3.3,3.3,1.73,3.4,4.0,2.04,3.64,3.78,1.8,3.2,4.2,1.95,3.4,3.8,1.95,3.5,3.9,1.95,3.4,3.4,38,2.05,1.94,3.65,3.37,4.2,3.77,32,2.02,1.91,1.99,1.89,18,-0.5,2.08,2.03,1.88,1.84,2.0,3.72,3.86
GER2,2012/13,2012-08-31,Munich 1860,Duisburg,3,0,H,1,0,H,1.62,3.8,5.5,1.57,3.8,5.5,1.57,3.8,5.5,1.6,3.6,5.0,1.57,3.5,5.0,1.66,4.1,5.47,1.62,3.6,5.0,1.62,3.75,5.5,1.62,4.0,5.4,1.62,3.75,4.75,38,1.65,1.6,4.2,3.77,6.1,5.33,32,1.75,1.68,2.3,2.17,21,-1.0,2.11,2.05,1.89,1.81,1.6,4.3,5.91
GER2,2012/13,2012-09-01,Aalen,Braunschweig,0,3,A,0,1,A,2.7,3.4,2.5,2.6,3.2,2.6,2.6,3.2,2.6,2.55,3.2,2.55,2.62,3.1,2.38,2.77,3.38,2.68,2.6,3.2,2.5,2.63,3.3,2.6,2.7,3.3,2.62,2.6,3.2,2.5,36,2.86,2.66,3.4,3.22,2.68,2.52,30,2.17,2.03,1.84,1.77,20,0.0,2.0,1.95,1.93,1.88,3.12,3.39,2.44
GER2,2012/13,2012-09-01,St Pauli,Sandhausen,2,1,H,0,0,D,1.57,4.0,5.5,1.55,3.9,5.5,1.55,3.9,5.5,1.6,3.6,5.0,1.57,3.5,5.0,1.56,4.25,6.55,1.57,3.6,5.5,1.53,3.8,6.0,1.53,4.1,6.25,1.53,3.75,5.5,36,1.6,1.54,4.25,3.83,6.55,5.82,30,1.84,1.73,2.18,2.07,19,-1.0,2.02,1.96,1.93,1.9,1.58,4.2,6.49
GER2,2012/13,2012-09-02,Frankfurt FSV,Erzgebirge Aue,1,0,H,0,0,D,1.83,3.5,4.33,1.85,3.4,4.1,1.85,3.4,4.1,1.85,3.4,3.8,1.83,3.4,3.5,1.9,3.69,4.29,1.91,3.25,3.75,1.9,3.4,4.0,1.87,3.6,4.2,1.83,3.4,3.8,36,1.93,1.85,3.7,3.39,4.6,4.02,30,2.03,1.93,1.98,1.86,17,-0.5,1.94,1.89,2.02,1.97,2.02,3.63,3.93
GER2,2012/13,2012-09-02,Paderborn,Ingolstadt,1,3,A,0,2,A,1.91,3.5,4.0,1.95,3.4,3.7,1.95,3.4,3.7,2.1,3.3,3.1,1.83,3.4,3.5,1.96,3.73,3.96,2.0,3.25,3.5,1.95,3.4,3.75,1.92,3.7,3.9,1.91,3.4,3.6,36,2.1,1.93,3.73,3.39,4.0,3.71,30,1.87,1.78,2.1,2.02,16,-0.5,1.96,1.92,2.0,1.94,1.81,3.91,4.63
GER2,2012/13,2012-09-02,Regensburg,Bochum,0,1,A,0,0,D,2.5,3.3,2.75,2.5,3.25,2.7,2.5,3.25,2.7,2.4,3.3,2.65,2.5,3.1,2.5,2.54,3.45,2.89,2.6,3.2,2.5,2.6,3.25,2.63,2.5,3.4,2.8,2.4,3.3,2.62,36,2.65,2.5,3.45,3.25,2.98,2.67,30,1.99,1.91,1.96,1.88,20,0.0,1.87,1.82,2.09,2.02,2.54,3.45,2.94
GER2,2012/13,2012-09-03,Union Berlin,Hertha,1,2,A,0,1,A,2.8,3.4,2.4,2.8,3.4,2.5,2.8,3.4,2.5,2.8,3.2,2.3,2.75,3.2,2.25,3.0,3.54,2.41,2.8,3.2,2.38,2.88,3.3,2.38,2.9,3.5,2.38,2.8,3.25,2.3,35,3.15,2.86,3.54,3.29,2.41,2.32,29,1.82,1.74,2.14,2.07,19,0.0,2.23,2.15,1.75,1.7,2.84,3.6,2.52
GER2,2012/13,2012-09-14,Bochum,Munich 1860,0,0,D,0,0,D,2.7,3.4,2.5,2.75,3.4,2.55,2.75,3.4,2.55,2.5,3.35,2.5,2.5,3.25,2.5,2.87,3.48,2.54,2.7,3.1,2.5,2.75,3.25,2.6,2.8,3.4,2.55,2.6,3.2,2.5,37,2.75,2.58,3.45,3.28,2.85,2.63,33,1.93,1.87,2.02,1.93,21,0.0,1.92,1.87,2.04,1.97,2.47,3.57,2.94
GER2,2012/13,2012-09-14,Cottbus,Frankfurt FSV,2,2,D,0,1,A,2.0,3.4,3.75,1.8,3.5,4.2,1.8,3.5,4.2,1.9,3.3,3.7,1.83,3.4,3.75,2.05,3.6,3.8,1.9,3.3,3.75,1.91,3.4,4.0,2.0,3.5,3.7,1.8,3.4,4.0,37,1.92,1.88,3.65,3.43,4.44,4.0,33,1.97,1.88,2.0,1.91,18,-0.75,2.17,2.14,1.78,1.75,1.9,3.6,4.51
GER2,2012/13,2012-09-14,Ingolstadt,Union Berlin,2,1,H,1,1,D,2.1,3.3,3.5,2.1,3.3,3.3,2.1,3.3,3.3,2.0,3.3,3.3,2.2,3.3,2.88,2.14,3.58,3.52,2.1,3.4,3.1,2.2,3.3,3.2,2.15,3.5,3.4,2.2,3.25,3.0,37,2.29,2.19,3.55,3.34,3.4,3.16,33,1.82,1.75,2.18,2.05,19,-0.25,2.0,1.95,1.96,1.92,2.25,3.59,3.32
GER2,2012/13,2012-09-15,Braunschweig,Regensburg,1,0,H,0,0,D,1.44,4.2,7.5,1.48,3.9,6.75,1.48,3.9,6.75,1.5,3.8,5.7,1.4,4.0,7.0,1.48,4.37,7.95,1.5,3.8,6.0,1.44,4.0,7.5,1.45,4.3,8.0,1.4,4.0,7.5,35,1.5,1.44,4.5,3.99,8.1,7.3,31,1.95,1.84,2.02,1.93,18,-1.0,1.81,1.77,2.17,2.1,1.4,4.79,9.61
GER2,2012/13,2012-09-15,Sandhausen,Dresden,1,1,D,1,0,H,2.38,3.25,3.0,2.25,3.3,3.0,2.25,3.3,3.0,2.4,3.3,2.65,2.3,3.25,2.75,2.4,3.42,3.11,2.38,3.2,2.75,2.3,3.2,3.0,2.3,3.4,3.1,2.25,3.25,2.88,35,2.4,2.32,3.5,3.24,3.25,2.93,31,1.97,1.87,2.02,1.91,19,0.0,1.74,1.69,2.28,2.18,2.62,3.39,2.87
GER2,2012/13,2012-09-16,Erzgebirge Aue,Paderborn,0,1,A,0,0,D,2.5,3.3,2.8,2.6,3.3,2.75,2.6,3.3,2.75,2.2,3.2,3.0,2.3,3.25,2.75,2.59,3.35,2.89,2.38,3.1,2.88,2.4,3.2,2.88,2.5,3.25,2.8,2.4,3.2,2.7,35,2.59,2.44,3.35,3.18,3.0,2.8,31,2.15,2.01,1.85,1.77,19,0.0,1.91,1.83,2.2,2.02,2.54,3.45,2.91
GER2,2012/13,2012-09-16,Hertha,Aalen,2,0,H,0,0,D,1.44,4.33,7.0,1.45,4.25,6.5,1.45,4.25,6.5,1.4,4.1,7.0,1.44,3.75,7.0,1.52,4.47,6.73,1.44,4.0,6.5,1.5,4.0,6.25,1.5,4.33,6.5,1.44,4.0,6.5,35,1.52,1.47,4.65,4.03,7.7,6.44,24,1.7,1.61,2.38,2.24,19,-1.0,1.9,1.85,2.12,2.0,1.64,4.05,5.91
GER2,2012/13,2012-09-16,Kaiserslautern,Duisburg,2,1,H,1,0,H,1.44,4.2,7.5,1.48,4.1,6.25,1.48,4.1,6.25,1.45,3.9,6.5,1.4,4.0,7.0,1.48,4.62,7.3,1.44,4.0,6.5,1.44,4.33,7.0,1.44,4.5,7.0,1.4,4.0,7.5,35,1.5,1.44,4.75,4.13,8.0,6.85,24,1.7,1.6,2.34,2.26,17,-1.0,1.81,1.76,2.18,2.11,1.48,4.65,7.44
GER2,2012/13,2012-09-17,FC Koln,St Pauli,0,0,D,0,0,D,2.4,3.3,2.88,2.4,3.5,2.9,2.4,3.5,2.9,2.4,3.2,2.7,2.25,3.2,2.88,2.46,3.44,3.05,2.38,3.1,2.88,2.4,3.25,2.88,2.4,3.3,2.9,2.38,3.25,2.7,34,2.5,2.39,3.44,3.23,3.05,2.84,30,2.13,2.01,1.87,1.77,19,0.0,1.78,1.73,2.23,2.13,2.43,3.54,3.06
GER2,2012/13,2012-09-21,Aalen,Erzgebirge Aue,2,0,H,1,0,H,2.1,3.3,3.5,2.1,3.3,3.3,2.1,3.3,3.3,2.0,3.3,3.3,2.1,3.3,2.88,2.11,3.36,3.88,2.05,3.25,3.4,2.1,3.3,3.4,2.05,3.3,3.75,2.05,3.3,3.2,38,2.12,2.05,3.45,3.3,4.0,3.5,33,2.15,2.02,1.87,1.77,19,-0.25,1.82,1.77,2.18,2.12,2.08,3.5,3.86
GER2,2012/13,2012-09-21,Frankfurt FSV,St Pauli,2,1,H,1,0,H,2.8,3.4,2.4,2.75,3.3,2.4,2.75,3.3,2.4,2.7,3.2,2.4,2.62,3.1,2.38,2.77,3.42,2.65,2.8,3.2,2.38,2.88,3.25,2.4,2.75,3.4,2.6,2.7,3.2,2.4,38,2.92,2.74,3.5,3.28,2.68,2.46,33,2.1,2.01,1.91,1.79,20,0.0,2.04,1.98,1.94,1.86,2.78,3.6,2.58
GER2,2012/13,2012-09-21,Union Berlin,FC Koln,2,1,H,1,1,D,2.38,3.4,2.88,2.5,3.5,2.8,2.5,3.5,2.8,2.3,3.2,2.8,2.38,3.1,2.62,2.38,3.43,3.15,2.45,3.2,2.7,2.4,3.25,2.88,2.3,3.4,3.1,2.38,3.2,2.75,38,2.4,2.3,3.55,3.35,3.25,2.93,33,1.95,1.84,2.06,1.96,20,0.0,1.74,1.66,2.35,2.24,2.29,3.64,3.17
GER2,2012/13,2012-09-22,Kaiserslautern,Hertha,1,1,D,0,0,D,2.1,3.6,3.2,2.1,3.4,3.2,2.1,3.4,3.2,2.1,3.3,3.1,2.1,3.3,2.88,2.09,3.51,3.75,2.05,3.4,3.25,2.1,3.3,3.3,2.05,3.5,3.6,2.1,3.3,3.1,35,2.16,2.09,3.6,3.33,3.6,3.3,30,1.89,1.78,2.06,2.01,12,-0.25,1.87,1.84,2.09,2.04,2.27,3.53,3.32
GER2,2012/13,2012-09-22,Paderborn,Sandhausen,3,0,H,0,0,D,1.83,3.5,4.2,1.83,3.5,4.0,1.83,3.5,4.0,1.85,3.4,3.8,1.8,3.4,3.6,1.81,3.73,4.85,1.83,3.4,4.0,1.83,3.5,4.0,1.8,3.6,4.75,1.83,3.5,3.75,35,1.85,1.81,3.7,3.44,4.75,4.18,29,1.92,1.81,2.06,1.96,12,-0.75,2.11,2.06,1.86,1.83,1.79,3.89,4.75
GER2,2012/13,2012-09-22,Regensburg,Cottbus,0,1,A,0,1,A,3.1,3.5,2.2,3.1,3.3,2.2,3.1,3.3,2.2,3.0,3.2,2.2,2.75,3.25,2.2,3.31,3.36,2.33,3.2,3.2,2.15,3.13,3.3,2.25,3.2,3.4,2.25,3.0,3.25,2.2,35,3.5,3.11,3.5,3.25,2.31,2.21,30,2.18,2.1,1.8,1.71,15,0.25,1.94,1.91,2.0,1.96,2.72,3.3,2.83
GER2,2012/13,2012-09-23,Dresden,Ingolstadt,0,1,A,0,0,D,2.0,3.6,3.5,2.15,3.7,3.3,2.15,3.7,3.3,2.15,3.3,3.0,2.1,3.3,2.88,2.01,3.58,3.98,2.0,3.3,3.5,2.05,3.4,3.4,2.0,3.5,3.9,2.0,3.4,3.25,35,2.15,2.02,3.6,3.37,3.9,3.47,30,1.94,1.82,2.03,1.96,11,-0.5,2.05,2.01,1.9,1.88,2.0,3.75,3.85
GER2,2012/13,2012-09-23,Duisburg,Bochum,0,0,D,0,0,D,2.4,3.4,2.8,2.4,3.3,2.75,2.4,3.3,2.75,2.5,3.35,2.5,2.38,3.1,2.62,2.36,3.47,3.14,2.3,3.25,2.88,2.5,3.2,2.88,2.3,3.4,3.1,2.5,3.2,2.6,35,2.5,2.38,3.4,3.23,3.1,2.86,29,1.97,1.87,2.0,1.9,17,0.0,1.8,1.71,2.25,2.15,2.49,3.44,2.99
GER2,2012/13,2012-09-23,Munich 1860,Braunschweig,1,1,D,0,1,A,2.3,3.5,2.9,2.25,3.4,3.3,2.25,3.4,3.3,2.15,3.2,3.1,2.2,3.25,2.75,2.35,3.42,3.2,2.3,3.25,2.88,2.38,3.25,3.0,2.3,3.4,3.1,2.38,3.25,2.7,35,2.41,2.27,3.5,3.26,3.2,3.0,30,2.05,1.92,1.96,1.85,14,-0.25,2.07,2.03,1.88,1.84,2.64,3.29,2.91
GER2,2012/13,2012-09-25,Cottbus,Paderborn,2,1,H,0,0,D,2.0,3.5,3.6,2.1,3.5,3.6,2.1,3.5,3.6,1.9,3.3,3.7,1.91,3.4,3.25,2.1,3.6,3.62,2.05,3.4,3.25,2.2,3.25,3.25,2.05,3.5,3.5,2.05,3.3,3.3,39,2.32,2.15,3.55,3.29,3.7,3.28,33,2.03,1.92,2.03,1.87,19,-0.5,2.29,2.23,1.76,1.69,2.21,3.37,3.64
GER2,2012/13,2012-09-25,FC Koln,Frankfurt FSV,2,1,H,0,0,D,1.95,3.5,3.75,1.91,3.4,3.8,1.91,3.4,3.8,2.05,3.3,3.2,1.91,3.4,3.25,2.04,3.59,3.84,2.0,3.3,3.5,2.0,3.5,3.6,1.95,3.6,3.9,2.05,3.4,3.2,39,2.06,1.99,3.65,3.39,3.9,3.55,33,2.05,1.94,1.91,1.86,19,-0.5,2.08,2.03,1.88,1.85,1.85,3.69,4.48
GER2,2012/13,2012-09-25,Sandhausen,Regensburg,1,2,A,1,1,D,1.91,3.4,4.0,1.9,3.25,4.1,1.9,3.25,4.1,1.9,3.3,3.7,1.91,3.4,3.25,1.99,3.49,4.14,1.91,3.2,4.0,2.0,3.25,3.8,1.95,3.4,4.0,1.91,3.3,3.75,36,2.08,1.96,3.51,3.32,4.1,3.8,33,2.25,2.11,1.8,1.72,19,-0.5,2.06,2.02,1.87,1.85,2.18,3.52,3.6
GER2,2012/13,2012-09-25,St Pauli,Aalen,0,1,A,0,1,A,1.67,3.75,5.0,1.57,3.9,5.25,1.57,3.9,5.25,1.55,3.7,5.4,1.57,3.5,5.0,1.68,4.05,5.37,1.65,3.75,4.6,1.67,3.6,5.25,1.65,4.0,5.25,1.67,3.6,4.75,36,1.69,1.64,3.97,3.66,6.13,5.21,33,1.94,1.8,2.05,2.0,22,-1.0,2.24,2.13,1.79,1.75,1.62,3.99,6.6
GER2,2012/13,2012-09-26,Braunschweig,Duisburg,3,0,H,0,0,D,1.5,4.0,7.0,1.48,4.1,6.25,1.48,4.1,6.25,1.55,3.7,5.4,1.44,3.75,6.0,1.51,4.34,7.46,1.44,4.0,6.5,1.5,4.0,7.0,1.5,4.3,7.0,1.44,4.0,7.0,36,1.55,1.48,4.4,3.92,7.5,6.74,30,1.95,1.83,2.04,1.96,19,-1.0,1.92,1.82,2.09,2.03,1.55,4.28,6.91
GER2,2012/13,2012-09-26,Erzgebirge Aue,Union Berlin,1,1,D,0,1,A,2.6,3.3,2.63,2.65,3.4,2.7,2.65,3.4,2.7,2.5,3.3,2.5,2.38,3.1,2.62,2.8,3.33,2.72,2.6,3.1,2.62,2.63,3.2,2.63,2.75,3.25,2.62,2.6,3.1,2.6,36,2.77,2.6,3.37,3.19,2.8,2.62,30,2.09,2.0,1.9,1.79,17,0.0,2.0,1.95,1.95,1.88,3.0,3.43,2.5
GER2,2012/13,2012-09-26,Hertha,Dresden,1,0,H,1,0,H,1.62,3.8,5.5,1.62,3.75,5.0,1.62,3.75,5.0,1.6,3.6,5.0,1.57,3.5,5.0,1.61,4.15,5.95,1.62,3.8,4.8,1.62,3.75,5.5,1.6,4.1,5.75,1.57,3.75,5.4,36,1.62,1.59,4.23,3.77,6.12,5.47,25,1.74,1.65,2.3,2.18,18,-1.0,2.08,2.03,1.89,1.83,1.62,4.15,5.93
GER2,2012/13,2012-09-26,Ingolstadt,Munich 1860,0,2,A,0,1,A,2.38,3.3,2.9,2.55,3.4,2.85,2.55,3.4,2.85,2.4,3.2,2.7,2.38,3.1,2.62,2.5,3.35,3.02,2.45,3.2,2.7,2.5,3.2,2.8,2.5,3.25,2.9,2.38,3.25,2.75,36,2.62,2.46,3.41,3.2,2.92,2.76,30,2.04,1.94,1.94,1.85,17,0.0,1.85,1.81,2.1,2.02,2.77,3.5,2.65
GER2,2012/13,2012-09-27,Bochum,Kaiserslautern,1,2,A,0,1,A,2.75,3.3,2.5,2.85,3.3,2.35,2.85,3.3,2.35,2.8,3.2,2.3,2.62,3.1,2.38,2.94,3.42,2.52,2.75,3.3,2.38,2.8,3.25,2.5,2.88,3.4,2.45,2.8,3.25,2.38,36,2.95,2.8,3.45,3.24,2.54,2.42,29,1.94,1.83,2.1,1.95,18,0.0,2.12,2.05,1.87,1.79,2.96,3.48,2.54
GER2,2012/13,2012-09-28,Aalen,Frankfurt FSV,3,0,H,1,0,H,2.3,3.3,3.1,2.35,3.3,2.85,2.35,3.3,2.85,2.2,3.2,3.0,2.25,3.2,2.75,2.37,3.48,3.17,2.25,3.2,3.0,2.3,3.25,3.0,2.3,3.4,3.1,2.38,3.2,2.8,38,2.38,2.25,3.5,3.29,3.31,3.06,35,2.06,1.96,1.91,1.84,20,-0.25,2.0,1.96,1.95,1.91,2.2,3.53,3.45
GER2,2012/13,2012-09-28,Paderborn,FC Koln,1,2,A,0,1,A,2.25,3.5,3.0,2.3,3.4,2.85,2.3,3.4,2.85,2.3,3.2,2.8,2.2,3.25,2.75,2.33,3.53,3.21,2.2,3.3,3.0,2.4,3.3,2.88,2.3,3.5,3.12,2.2,3.2,3.1,38,2.46,2.33,3.55,3.34,3.1,2.9,35,1.91,1.82,2.1,1.98,20,-0.25,2.14,2.1,1.83,1.79,2.41,3.52,3.07
GER2,2012/13,2012-09-28,Regensburg,St Pauli,3,0,H,2,0,H,3.1,3.2,2.3,2.9,3.2,2.35,2.9,3.2,2.35,2.8,3.2,2.3,2.75,3.2,2.25,3.3,3.44,2.32,3.0,3.2,2.25,3.0,3.2,2.3,3.2,3.4,2.3,2.75,3.2,2.4,38,3.25,2.96,3.42,3.24,2.44,2.32,35,2.19,2.1,1.82,1.71,20,0.25,1.85,1.82,2.11,2.07,2.84,3.57,2.54
GER2,2012/13,2012-09-29,Munich 1860,Sandhausen,4,0,H,3,0,H,1.53,3.8,6.5,1.5,3.9,6.25,1.5,3.9,6.25,1.45,3.9,6.5,1.5,3.6,5.5,1.52,4.31,7.16,1.55,3.8,5.5,1.53,3.8,6.5,1.53,4.1,6.5,1.53,3.8,5.5,35,1.58,1.51,4.31,3.87,7.16,6.3,31,1.95,1.86,2.0,1.93,18,-1.0,1.99,1.91,2.0,1.94,1.51,4.48,7.1
GER2,2012/13,2012-09-29,Union Berlin,Cottbus,3,1,H,1,0,H,2.2,3.3,3.3,2.35,3.4,3.1,2.35,3.4,3.1,2.5,3.3,2.55,2.25,3.2,2.75,2.22,3.51,3.4,2.2,3.3,3.0,2.25,3.25,3.13,2.2,3.5,3.3,2.25,3.2,3.0,35,2.5,2.21,3.6,3.3,3.4,3.1,32,1.95,1.84,2.0,1.94,16,-0.25,1.96,1.9,2.01,1.97,2.25,3.58,3.31
GER2,2012/13,2012-09-30,Bochum,Ingolstadt,1,1,D,0,1,A,2.05,3.3,3.6,2.0,3.3,3.6,2.0,3.3,3.6,2.15,3.2,3.1,2.1,3.25,2.9,2.1,3.52,3.76,2.1,3.25,3.25,2.1,3.3,3.4,2.05,3.4,3.7,2.1,3.3,3.2,35,2.15,2.06,3.55,3.3,3.7,3.4,32,2.04,1.96,1.91,1.83,16,-0.25,1.86,1.81,2.11,2.07,1.85,3.7,4.59
GER2,2012/13,2012-09-30,Dresden,Erzgebirge Aue,3,1,H,2,0,H,1.75,3.5,4.75,1.87,3.5,4.6,1.87,3.5,4.6,1.8,3.4,4.0,1.8,3.3,3.75,1.79,3.76,4.88,1.75,3.5,4.33,1.8,3.4,4.5,1.8,3.7,4.75,1.8,3.4,4.2,35,1.83,1.77,3.76,3.46,4.88,4.45,32,2.06,1.95,1.96,1.84,16,-0.75,2.07,2.01,1.91,1.86,2.04,3.44,4.0
GER2,2012/13,2012-09-30,Kaiserslautern,Braunschweig,1,1,D,1,0,H,2.25,3.25,3.2,2.2,3.2,3.2,2.2,3.2,3.2,2.1,3.3,3.1,2.1,3.25,2.9,2.34,3.42,3.23,2.25,3.2,3.0,2.25,3.25,3.13,2.25,3.4,3.25,2.3,3.25,2.88,35,2.35,2.24,3.45,3.25,3.25,3.07,32,2.14,2.04,1.82,1.75,18,0.0,1.68,1.63,2.37,2.28,2.56,3.43,2.9
GER2,2012/13,2012-10-01,Duisburg,Hertha,2,2,D,0,1,A,3.75,3.4,2.0,3.6,3.3,2.0,3.6,3.3,2.0,3.3,3.3,2.0,3.4,3.3,1.91,3.66,3.63,2.08,3.3,3.5,2.0,3.5,3.4,2.05,3.7,3.6,2.05,3.5,3.3,2.0,33,3.8,3.53,3.65,3.4,2.08,1.99,30,1.89,1.79,2.12,2.0,15,0.25,2.17,2.12,1.81,1.76,3.6,3.65,2.13
GER2,2012/13,2012-10-05,Frankfurt FSV,Paderborn,1,1,D,0,0,D,2.2,3.4,3.2,2.3,3.4,3.2,2.3,3.4,3.2,2.2,3.4,3.0,2.2,3.3,2.88,2.29,3.54,3.22,2.3,3.4,2.8,2.25,3.4,3.0,2.3,3.5,3.2,2.25,3.4,2.88,38,2.3,2.24,3.57,3.39,3.3,3.04,33,1.81,1.76,2.2,2.04,20,-0.25,1.99,1.95,1.98,1.92,2.39,3.62,3.01
GER2,2012/13,2012-10-05,Hertha,Munich 1860,3,0,H,0,0,D,2.0,3.5,3.6,2.05,3.4,3.4,2.05,3.4,3.4,1.9,3.4,3.85,1.83,3.4,3.75,2.08,3.5,3.8,1.83,3.4,4.0,1.95,3.4,3.75,2.05,3.4,3.8,1.91,3.5,3.6,38,2.07,1.99,3.65,3.43,4.0,3.63,33,2.0,1.88,2.02,1.91,21,-0.25,1.76,1.73,2.23,2.16,2.06,3.49,3.95
GER2,2012/13,2012-10-05,St Pauli,Union Berlin,2,2,D,0,1,A,2.0,3.5,3.6,2.05,3.25,3.5,2.05,3.25,3.5,1.9,3.5,3.7,1.91,3.4,3.5,2.09,3.53,3.74,2.0,3.4,3.4,2.05,3.3,3.5,2.05,3.5,3.7,2.05,3.4,3.2,38,2.05,1.98,3.7,3.43,4.01,3.64,33,1.85,1.79,2.18,2.01,21,-0.25,1.75,1.71,2.23,2.19,1.99,3.69,3.99
GER2,2012/13,2012-10-06,Braunschweig,Bochum,3,0,H,1,0,H,1.57,4.0,5.5,1.6,3.7,5.5,1.6,3.7,5.5,1.6,3.7,5.4,1.57,3.5,5.5,1.57,4.05,6.73,1.55,3.6,6.0,1.62,3.6,5.75,1.57,4.0,6.5,1.53,3.8,5.5,35,1.62,1.57,4.05,3.73,6.9,5.87,30,2.11,2.01,1.86,1.78,19,-1.0,2.04,2.0,1.91,1.86,1.53,4.32,7.43
GER2,2012/13,2012-10-06,Cottbus,Duisburg,0,1,A,0,1,A,1.8,3.75,4.2,1.7,3.6,4.6,1.7,3.6,4.6,1.7,3.6,4.7,1.73,3.4,4.33,1.88,3.73,4.32,1.8,3.5,4.0,1.83,3.6,4.0,1.87,3.7,4.3,1.73,3.75,4.0,35,1.9,1.8,3.8,3.56,4.85,4.19,30,1.85,1.79,2.1,1.99,16,-0.75,2.17,2.11,1.86,1.77,2.04,3.49,4.01
GER2,2012/13,2012-10-07,Erzgebirge Aue,Regensburg,3,1,H,1,0,H,2.1,3.4,3.4,2.2,3.2,3.2,2.2,3.2,3.2,2.2,3.4,3.0,2.2,3.3,2.88,2.29,3.37,3.37,2.25,3.0,3.2,2.3,3.25,3.12,2.25,3.4,3.4,2.25,3.3,2.88,35,2.3,2.22,3.4,3.25,3.4,3.14,23,2.25,2.14,1.77,1.67,19,0.0,1.7,1.63,2.39,2.28,2.36,3.4,3.26
GER2,2012/13,2012-10-07,Ingolstadt,Kaiserslautern,1,1,D,0,0,D,2.88,3.6,2.3,2.9,3.3,2.3,2.9,3.3,2.3,2.75,3.35,2.4,2.88,3.3,2.2,3.19,3.46,2.34,3.0,3.2,2.25,3.0,3.3,2.25,3.12,3.5,2.3,2.88,3.4,2.25,35,3.25,2.95,3.6,3.31,2.4,2.28,29,2.0,1.9,1.94,1.89,19,0.0,2.31,2.2,1.72,1.67,3.78,3.56,2.09
GER2,2012/13,2012-10-07,Sandhausen,Aalen,1,0,H,1,0,H,2.5,3.4,2.7,2.3,3.3,2.9,2.3,3.3,2.9,2.45,3.35,2.7,2.38,3.2,2.7,2.57,3.35,2.92,2.45,3.1,2.8,2.4,3.25,2.88,2.55,3.4,2.88,2.4,3.25,2.75,35,2.62,2.45,3.4,3.23,2.9,2.77,29,2.18,2.08,1.82,1.73,19,0.0,1.87,1.81,2.09,2.02,3.23,3.48,2.34
GER2,2012/13,2012-10-08,FC Koln,Dresden,1,1,D,0,1,A,1.75,3.75,4.33,1.85,3.4,4.1,1.85,3.4,4.1,1.85,3.45,4.0,1.73,3.4,4.33,1.88,3.74,4.34,1.8,3.5,4.0,,,,1.85,3.7,4.3,1.75,3.75,4.0,33,1.87,1.81,3.76,3.55,4.75,4.15,27,1.98,1.89,1.98,1.9,14,-0.75,2.14,2.09,1.83,1.79,1.78,3.87,4.9
GER2,2012/13,2012-10-19,Bochum,Hertha,0,2,A,0,0,D,3.6,3.5,2.0,3.6,3.5,1.95,3.6,3.5,1.95,3.2,3.4,2.1,3.1,3.3,2.1,3.67,3.64,2.09,3.25,3.4,2.05,3.3,3.3,2.1,3.6,3.5,2.05,3.25,3.3,2.1,35,3.8,3.48,3.65,3.4,2.1,2.04,31,1.98,1.89,2.02,1.91,19,0.25,2.16,2.1,1.82,1.79,3.7,3.5,2.13
GER2,2012/13,2012-10-19,Duisburg,Ingolstadt,0,2,A,0,0,D,2.1,3.4,3.4,2.0,3.4,3.5,2.0,3.4,3.5,2.2,3.3,3.1,2.15,3.2,3.1,2.1,3.54,3.75,2.05,3.25,3.4,2.1,3.3,3.4,2.05,3.4,3.6,2.15,3.3,3.1,35,2.2,2.05,3.55,3.35,4.0,3.5,31,2.0,1.94,1.96,1.86,19,-0.25,1.79,1.76,2.19,2.14,2.0,3.56,4.05
GER2,2012/13,2012-10-19,Kaiserslautern,Sandhausen,3,1,H,2,1,H,1.33,5.0,9.0,1.35,4.75,7.75,1.35,4.75,7.75,1.3,5.0,9.0,1.36,4.0,8.0,1.37,5.15,9.65,1.36,4.33,8.0,1.36,4.5,8.5,1.36,4.8,9.5,1.36,4.5,7.0,35,1.37,1.35,5.6,4.75,9.9,8.53,28,1.72,1.66,2.36,2.19,20,-1.5,2.11,2.05,1.91,1.81,1.36,5.35,9.8
GER2,2012/13,2012-10-20,Dresden,Braunschweig,0,2,A,0,1,A,3.1,3.3,2.3,2.85,3.4,2.3,2.85,3.4,2.3,2.9,3.3,2.3,2.75,3.25,2.3,3.31,3.44,2.29,3.0,3.2,2.25,3.0,3.25,2.38,3.2,3.3,2.25,3.0,3.3,2.2,32,3.35,3.0,3.42,3.26,2.38,2.29,28,2.09,2.0,1.87,1.8,17,0.0,2.31,2.23,1.71,1.67,3.77,3.52,2.1
GER2,2012/13,2012-10-20,Regensburg,FC Koln,2,3,A,1,0,H,3.1,3.1,2.38,3.0,3.4,2.2,3.0,3.4,2.2,3.0,3.4,2.2,2.88,3.2,2.25,3.1,3.37,2.44,3.0,3.1,2.3,2.88,3.25,2.4,3.0,3.3,2.4,2.88,3.1,2.38,32,3.2,2.94,3.4,3.22,2.48,2.35,28,2.15,2.05,1.82,1.75,17,0.0,2.2,2.13,1.78,1.72,3.13,3.35,2.45
GER2,2012/13,2012-10-21,Aalen,Cottbus,1,1,D,0,0,D,2.3,3.25,3.1,2.3,3.3,2.9,2.3,3.3,2.9,2.4,3.3,2.75,2.25,3.2,2.88,2.31,3.35,3.36,2.2,3.1,3.2,2.3,3.25,3.0,2.25,3.3,3.3,2.3,3.2,3.0,32,2.4,2.26,3.35,3.2,3.45,3.09,28,2.2,2.07,1.84,1.74,17,0.0,1.7,1.63,2.38,2.27,2.08,3.4,4.0
GER2,2012/13,2012-10-21,Paderborn,St Pauli,1,1,D,0,0,D,2.25,3.25,3.2,2.25,3.4,2.95,2.25,3.4,2.95,2.4,3.4,2.7,2.2,3.25,2.9,2.35,3.47,3.16,2.2,3.3,3.0,2.3,3.3,3.0,2.3,3.4,3.12,2.38,3.1,2.88,32,2.4,2.27,3.47,3.26,3.4,3.01,28,1.91,1.84,2.04,1.96,17,0.0,1.71,1.66,2.33,2.22,2.13,3.62,3.58
GER2,2012/13,2012-10-21,Union Berlin,Frankfurt FSV,1,0,H,1,0,H,1.73,3.6,4.75,1.78,3.5,4.33,1.78,3.5,4.33,1.85,3.5,3.95,1.83,3.4,3.75,1.79,3.85,4.7,1.75,3.75,4.0,1.8,3.6,4.33,1.75,3.75,4.6,1.73,3.5,4.5,32,1.85,1.77,3.85,3.57,4.85,4.31,28,1.81,1.74,2.16,2.07,12,-0.75,2.03,1.99,1.92,1.9,1.7,3.97,5.4
GER2,2012/13,2012-10-22,Munich 1860,Erzgebirge Aue,1,1,D,0,0,D,1.44,4.2,7.5,1.48,4.1,6.25,1.48,4.1,6.25,1.45,4.0,7.0,1.44,3.75,7.0,1.55,4.29,6.55,1.55,3.8,5.5,1.53,4.0,6.25,1.5,4.2,7.0,1.44,4.33,6.0,32,1.56,1.5,4.33,3.96,7.5,6.35,28,1.82,1.74,2.18,2.07,17,-1.0,2.0,1.95,1.96,1.91,1.63,4.22,5.86
GER2,2012/13,2012-10-26,Cottbus,Munich 1860,1,0,H,1,0,H,2.63,3.25,2.63,2.6,3.2,2.6,2.6,3.2,2.6,2.4,3.3,2.75,2.3,3.25,2.6,2.59,3.43,2.87,2.5,3.2,2.6,2.62,3.2,2.62,2.55,3.3,2.8,2.5,3.25,2.62,36,2.66,2.57,3.52,3.25,2.82,2.66,32,2.02,1.95,1.95,1.84,20,0.0,1.95,1.89,2.0,1.95,2.61,3.52,2.79
GER2,2012/13,2012-10-26,FC Koln,Kaiserslautern,3,3,D,2,1,H,2.6,3.25,2.7,2.55,3.4,2.55,2.55,3.4,2.55,2.5,3.4,2.6,2.38,3.1,2.62,2.55,3.5,2.69,2.5,3.2,2.6,2.62,3.25,2.62,2.55,3.4,2.75,2.5,3.25,2.62,36,2.6,2.5,3.52,3.28,2.92,2.73,32,2.0,1.91,1.99,1.88,20,0.0,1.88,1.82,2.09,2.02,2.45,3.42,3.09
GER2,2012/13,2012-10-26,Ingolstadt,Aalen,2,0,H,0,0,D,2.2,3.3,3.3,2.1,3.4,3.2,2.1,3.4,3.2,2.0,3.3,3.6,2.1,3.3,2.88,2.18,3.49,3.54,2.15,3.2,3.2,2.2,3.3,3.25,2.15,3.4,3.4,2.2,3.3,3.0,36,2.26,2.17,3.49,3.28,3.6,3.27,32,2.17,2.07,1.86,1.74,19,-0.25,1.95,1.88,2.05,1.99,2.17,3.52,3.57
GER2,2012/13,2012-10-27,Braunschweig,Hertha,1,1,D,1,0,H,2.2,3.25,3.3,2.2,3.3,3.1,2.2,3.3,3.1,2.3,3.3,2.9,2.2,3.25,2.75,2.27,3.37,3.41,2.2,3.2,3.0,2.25,3.25,3.12,2.25,3.3,3.3,2.25,3.3,2.88,34,2.3,2.23,3.4,3.24,3.41,3.11,31,2.15,2.04,1.83,1.76,16,-0.25,1.98,1.94,1.97,1.93,2.18,3.49,3.57
GER2,2012/13,2012-10-27,Erzgebirge Aue,Bochum,6,1,H,3,0,H,2.25,3.4,3.1,2.35,3.25,2.9,2.35,3.25,2.9,2.3,3.3,2.9,2.25,3.2,2.75,2.3,3.42,3.3,2.3,3.2,2.9,2.3,3.3,3.0,2.3,3.3,3.2,2.25,3.25,3.0,34,2.35,2.27,3.45,3.23,3.3,3.05,31,2.16,2.07,1.83,1.74,17,0.0,1.68,1.65,2.36,2.26,2.14,3.5,3.65
GER2,2012/13,2012-10-27,Sandhausen,Duisburg,0,2,A,0,1,A,2.5,3.3,2.75,2.45,3.4,2.65,2.45,3.4,2.65,2.45,3.3,2.7,2.2,3.25,2.75,2.57,3.42,2.87,2.4,3.2,2.7,2.5,3.25,2.8,2.5,3.3,2.9,2.4,3.25,2.7,34,2.57,2.43,3.45,3.23,3.03,2.8,31,2.05,1.97,1.9,1.83,17,0.0,1.85,1.79,2.11,2.05,2.66,3.41,2.81
GER2,2012/13,2012-10-28,Frankfurt FSV,Regensburg,3,1,H,1,0,H,2.1,3.3,3.5,2.0,3.4,3.4,2.0,3.4,3.4,1.85,3.5,3.95,1.91,3.4,3.25,2.16,3.5,3.57,2.05,3.25,3.3,2.1,3.3,3.3,2.15,3.4,3.5,2.1,3.3,3.2,34,2.18,2.09,3.55,3.32,3.95,3.37,30,1.95,1.88,2.0,1.91,16,-0.25,1.92,1.88,2.04,1.99,2.13,3.54,3.66
GER2,2012/13,2012-10-28,St Pauli,Dresden,3,2,H,1,2,A,1.62,4.0,5.0,1.65,3.7,5.0,1.65,3.7,5.0,1.75,3.5,4.5,1.67,3.4,4.33,1.68,3.96,5.49,1.67,3.4,5.0,1.67,3.75,5.25,1.65,3.9,5.4,1.62,3.75,5.0,33,1.75,1.65,4.05,3.67,5.8,5.04,30,1.85,1.78,2.11,2.01,15,-0.75,1.87,1.84,2.08,2.03,1.61,4.13,6.11
GER2,2012/13,2012-10-28,Union Berlin,Paderborn,0,1,A,0,0,D,2.05,3.5,3.4,2.0,3.5,3.4,2.0,3.5,3.4,1.9,3.45,3.8,2.0,3.3,3.1,2.02,3.61,3.88,2.0,3.3,3.4,2.05,3.4,3.5,2.0,3.5,3.8,1.95,3.4,3.5,33,2.05,2.0,3.61,3.38,3.9,3.55,30,1.84,1.75,2.14,2.05,16,-0.25,1.77,1.72,2.22,2.16,1.91,3.73,4.3
GER2,2012/13,2012-11-02,Braunschweig,Sandhausen,2,1,H,1,0,H,1.29,5.25,10.0,1.25,5.75,9.5,1.25,5.75,9.5,1.3,5.0,9.0,1.25,5.0,10.0,1.31,5.66,11.5,1.29,5.0,9.0,1.3,5.0,10.0,1.29,5.5,11.0,1.25,5.0,11.0,36,1.33,1.28,6.5,5.14,12.0,10.64,30,1.82,1.7,2.2,2.14,21,-1.5,1.97,1.9,2.04,1.95,1.35,5.35,10.51
GER2,2012/13,2012-11-02,Hertha,Ingolstadt,0,0,D,0,0,D,1.5,4.0,7.0,1.55,4.1,6.75,1.55,4.1,6.75,1.6,3.8,5.2,1.53,3.5,6.0,1.49,4.49,7.68,1.44,4.2,6.5,1.4,4.33,8.0,1.45,4.33,7.5,1.5,3.75,6.5,36,1.6,1.46,4.67,4.11,9.0,7.04,33,1.83,1.77,2.16,2.03,21,-1.0,1.8,1.72,2.3,2.17,1.44,4.65,8.71
GER2,2012/13,2012-11-02,Regensburg,Paderborn,0,2,A,0,1,A,2.75,3.3,2.5,2.95,3.3,2.5,2.95,3.3,2.5,2.55,3.4,2.55,2.62,3.1,2.5,2.93,3.48,2.52,2.62,3.25,2.5,2.8,3.25,2.5,2.88,3.4,2.45,2.62,3.25,2.5,36,3.05,2.77,3.45,3.27,2.6,2.48,33,2.11,1.99,1.89,1.81,20,0.0,2.11,2.05,1.85,1.8,2.98,3.49,2.48
GER2,2012/13,2012-11-03,Duisburg,Frankfurt FSV,1,2,A,0,2,A,1.91,3.6,3.8,2.0,3.3,3.6,2.0,3.3,3.6,2.1,3.4,3.2,2.1,3.3,3.1,1.99,3.52,4.1,2.0,3.3,3.5,2.0,3.4,3.6,1.95,3.5,4.0,2.05,3.3,3.3,36,2.1,2.0,3.65,3.33,4.1,3.62,33,2.07,2.0,1.89,1.8,14,-0.25,1.77,1.72,2.25,2.2,2.08,3.42,3.98
GER2,2012/13,2012-11-03,Munich 1860,St Pauli,0,2,A,0,1,A,2.15,3.4,3.25,2.05,3.4,3.4,2.05,3.4,3.4,2.1,3.4,3.2,2.05,3.3,3.2,2.28,3.5,3.27,2.2,3.3,3.0,2.2,3.3,3.2,2.25,3.4,3.2,2.25,3.2,3.0,36,2.32,2.2,3.55,3.31,3.36,3.13,33,1.91,1.84,2.04,1.95,18,-0.25,2.0,1.95,1.97,1.92,2.0,3.74,3.88
GER2,2012/13,2012-11-04,Aalen,FC Koln,2,0,H,1,0,H,2.5,3.4,2.7,2.6,3.4,2.5,2.6,3.4,2.5,2.6,3.4,2.5,2.6,3.1,2.5,2.82,3.46,2.59,2.62,3.25,2.5,2.63,3.25,2.6,2.7,3.3,2.6,2.62,3.2,2.5,34,2.82,2.63,3.46,3.22,2.7,2.59,31,2.0,1.91,1.96,1.87,17,0.0,2.04,1.96,1.93,1.88,3.02,3.43,2.48
GER2,2012/13,2012-11-04,Bochum,Cottbus,2,2,D,0,1,A,2.5,3.4,2.7,2.65,3.2,2.55,2.65,3.2,2.55,2.55,3.4,2.55,2.7,3.1,2.4,2.74,3.33,2.74,2.62,3.1,2.6,2.63,3.25,2.6,2.7,3.3,2.7,2.62,3.2,2.5,34,2.8,2.63,3.4,3.22,2.74,2.58,31,2.12,2.03,1.83,1.77,17,0.0,1.97,1.9,2.01,1.94,2.64,3.35,2.87
GER2,2012/13,2012-11-04,Dresden,Union Berlin,0,2,A,0,1,A,2.4,3.4,2.8,2.55,3.5,2.75,2.55,3.5,2.75,2.3,3.3,2.9,2.3,3.25,2.75,2.42,3.53,2.99,2.4,3.3,2.7,2.5,3.25,2.8,2.4,3.4,2.9,2.4,3.2,2.75,33,2.5,2.42,3.55,3.26,2.98,2.8,30,1.85,1.78,2.1,2.02,17,0.0,1.78,1.74,2.18,2.11,2.54,3.52,2.87
GER2,2012/13,2012-11-05,Kaiserslautern,Erzgebirge Aue,4,1,H,2,1,H,1.5,4.0,7.0,1.55,3.8,5.75,1.55,3.8,5.75,1.45,4.0,7.0,1.5,3.75,6.0,1.52,4.46,6.74,1.53,4.0,5.5,1.53,3.8,6.25,1.5,4.3,6.5,1.5,3.8,6.0,34,1.55,1.51,4.46,3.9,7.0,6.28,30,1.76,1.69,2.25,2.14,18,-1.0,1.97,1.89,2.03,1.97,1.59,4.26,6.4
GER2,2012/13,2012-11-09,Erzgebirge Aue,Braunschweig,1,1,D,0,1,A,3.8,3.3,2.0,3.5,3.4,2.0,3.5,3.4,2.0,3.6,3.3,2.0,3.1,3.3,2.0,4.0,3.51,2.04,3.6,3.2,2.0,3.6,3.25,2.05,3.9,3.4,2.0,3.6,3.3,1.95,37,4.0,3.64,3.55,3.31,2.07,2.01,35,2.21,2.13,1.78,1.7,19,0.25,2.18,2.13,1.79,1.76,3.85,3.43,2.11
GER2,2012/13,2012-11-09,FC Koln,Duisburg,0,0,D,0,0,D,1.67,3.75,5.0,1.67,3.75,4.6,1.67,3.75,4.6,1.7,3.6,4.7,1.57,3.5,5.0,1.8,3.85,4.76,1.65,3.6,4.8,1.73,3.6,4.5,1.75,3.7,4.8,1.62,3.75,5.0,37,1.81,1.71,3.9,3.64,5.25,4.73,35,1.86,1.8,2.12,1.99,20,-1.0,2.41,2.29,1.73,1.65,1.78,3.82,4.96
GER2,2012/13,2012-11-09,Sandhausen,Hertha,1,6,A,0,2,A,5.5,3.75,1.62,5.75,3.7,1.57,5.75,3.7,1.57,4.7,3.6,1.7,4.5,3.5,1.62,6.18,4.13,1.61,5.0,3.5,1.65,5.25,3.75,1.62,6.0,4.0,1.57,5.0,3.75,1.62,35,6.18,5.34,4.13,3.77,1.7,1.62,33,1.95,1.83,2.08,1.96,18,1.0,1.94,1.85,2.06,2.02,6.61,4.19,1.57
GER2,2012/13,2012-11-10,Paderborn,Kaiserslautern,1,1,D,0,0,D,2.8,3.4,2.4,2.7,3.4,2.4,2.7,3.4,2.4,2.83,3.4,2.3,2.6,3.1,2.4,2.92,3.56,2.47,2.7,3.3,2.4,2.75,3.4,2.4,2.88,3.5,2.4,2.75,3.25,2.4,35,3.05,2.8,3.56,3.28,2.5,2.41,33,1.91,1.8,2.1,1.99,17,0.0,2.2,2.1,1.81,1.74,2.8,3.42,2.66
GER2,2012/13,2012-11-10,Union Berlin,Aalen,0,0,D,0,0,D,1.83,3.5,4.33,1.8,3.5,4.2,1.8,3.5,4.2,1.8,3.5,4.2,1.83,3.4,3.5,1.88,3.6,4.56,1.75,3.5,4.33,1.9,3.4,4.0,1.85,3.5,4.4,1.75,3.5,4.33,35,1.9,1.84,3.6,3.42,4.7,4.16,33,2.1,2.0,1.87,1.78,16,-0.75,2.2,2.12,1.8,1.76,1.79,3.72,5.01
GER2,2012/13,2012-11-11,Cottbus,Dresden,2,0,H,2,0,H,1.85,3.6,4.0,1.83,3.6,4.6,1.83,3.6,4.6,1.8,3.5,4.2,1.8,3.4,3.6,1.94,3.64,4.16,1.83,3.4,4.0,1.9,3.5,3.8,1.91,3.6,4.1,1.8,3.6,4.0,34,1.95,1.87,3.65,3.47,4.4,3.92,32,2.02,1.92,1.93,1.86,15,-0.75,2.23,2.17,1.77,1.71,2.16,3.44,3.67
GER2,2012/13,2012-11-11,Frankfurt FSV,Munich 1860,0,1,A,0,1,A,2.75,3.3,2.5,2.7,3.25,2.5,2.7,3.25,2.5,2.45,3.4,2.65,2.5,3.1,2.5,2.77,3.36,2.69,2.5,3.25,2.6,2.75,3.2,2.6,2.7,3.3,2.62,2.5,3.2,2.62,35,2.77,2.66,3.4,3.21,2.75,2.58,33,2.08,1.94,1.92,1.84,17,0.0,2.02,1.95,1.93,1.88,2.84,3.46,2.61
GER2,2012/13,2012-11-11,Ingolstadt,Regensburg,4,2,H,0,1,A,1.8,3.5,4.5,1.67,3.5,5.0,1.67,3.5,5.0,1.65,3.6,5.1,1.67,3.4,4.33,1.79,3.73,4.92,1.83,3.4,4.0,1.8,3.5,4.5,1.75,3.6,4.8,1.75,3.6,4.2,35,1.83,1.76,3.73,3.52,5.1,4.47,33,2.06,1.98,1.89,1.81,16,-0.75,2.05,2.02,1.88,1.85,1.91,3.56,4.53
GER2,2012/13,2012-11-12,St Pauli,Bochum,1,1,D,1,0,H,1.62,4.0,5.0,1.7,3.9,5.25,1.7,3.9,5.25,1.75,3.5,4.5,1.62,3.5,4.5,1.65,4.04,5.67,1.6,3.75,5.0,1.62,3.75,5.5,1.62,4.0,5.5,1.57,3.75,5.5,35,1.75,1.61,4.05,3.78,5.8,5.17,33,1.82,1.72,2.16,2.08,18,-1.0,2.16,2.09,1.82,1.78,1.6,4.38,5.94
GER2,2012/13,2012-11-16,Dresden,Frankfurt FSV,2,1,H,2,0,H,2.05,3.4,3.5,2.05,3.4,3.4,2.05,3.4,3.4,2.15,3.3,3.2,2.1,3.4,3.2,2.13,3.45,3.67,2.1,3.2,3.25,2.05,3.4,3.5,2.1,3.4,3.6,2.1,3.4,3.1,36,2.22,2.11,3.55,3.34,3.65,3.37,34,2.05,1.97,1.92,1.82,18,-0.25,1.88,1.85,2.06,2.02,2.08,3.42,3.98
GER2,2012/13,2012-11-16,Kaiserslautern,Cottbus,1,0,H,1,0,H,1.67,3.75,5.0,1.65,3.6,5.0,1.65,3.6,5.0,1.65,3.6,5.1,1.67,3.6,4.75,1.69,4.0,5.45,1.62,3.6,5.0,1.67,3.6,5.25,1.65,3.9,5.5,1.67,3.5,5.0,37,1.7,1.66,4.0,3.64,5.7,5.16,35,1.83,1.76,2.22,2.04,20,-1.0,2.31,2.24,1.78,1.68,1.67,3.95,5.81
GER2,2012/13,2012-11-16,Munich 1860,FC Koln,0,2,A,0,1,A,2.2,3.4,3.2,2.2,3.5,3.3,2.2,3.5,3.3,2.0,3.3,3.6,2.0,3.5,3.3,2.25,3.46,3.38,2.1,3.25,3.25,2.2,3.4,3.25,2.2,3.4,3.3,2.1,3.4,3.1,37,2.31,2.19,3.55,3.32,3.45,3.2,33,2.08,1.98,1.89,1.81,19,-0.25,2.02,1.96,1.95,1.91,2.27,3.54,3.28
GER2,2012/13,2012-11-17,Aalen,Paderborn,0,1,A,0,0,D,2.5,3.3,2.8,2.45,3.4,2.65,2.45,3.4,2.65,2.4,3.3,2.75,2.38,3.25,2.8,2.46,3.44,3.0,2.4,3.2,2.75,2.5,3.25,2.75,2.45,3.4,2.9,2.5,3.25,2.62,35,2.52,2.44,3.45,3.24,3.0,2.78,33,2.15,2.05,1.82,1.74,17,0.0,1.82,1.78,2.16,2.06,2.48,3.43,3.02
GER2,2012/13,2012-11-17,Braunschweig,Ingolstadt,3,0,H,1,0,H,1.53,4.0,6.0,1.6,3.9,5.0,1.6,3.9,5.0,1.65,3.6,5.1,1.57,3.75,5.5,1.6,4.05,6.39,1.57,3.6,5.5,1.57,3.75,6.0,1.57,4.0,6.25,1.53,3.75,6.0,35,1.65,1.57,4.0,3.7,6.5,5.83,33,2.16,2.04,1.82,1.75,17,-1.0,2.16,2.09,1.84,1.78,1.7,3.89,5.55
GER2,2012/13,2012-11-18,Bochum,Sandhausen,5,2,H,3,2,H,1.67,3.75,5.0,1.7,3.6,4.6,1.7,3.6,4.6,1.65,3.6,5.1,1.73,3.5,4.5,1.69,3.99,5.35,1.73,3.4,4.5,1.73,3.6,5.0,1.67,3.9,5.25,1.7,3.75,4.33,35,1.73,1.68,3.99,3.68,5.4,4.77,31,1.91,1.79,2.12,2.0,16,-0.75,1.92,1.88,2.03,2.0,1.65,4.11,5.73
GER2,2012/13,2012-11-18,Duisburg,Erzgebirge Aue,2,1,H,1,1,D,2.0,3.3,3.8,2.1,3.4,3.7,2.1,3.4,3.7,1.9,3.5,3.7,2.0,3.4,3.4,2.06,3.55,3.8,2.0,3.3,3.4,2.0,3.4,3.6,2.05,3.5,3.7,2.05,3.3,3.4,35,2.11,2.01,3.5,3.32,3.8,3.54,32,2.12,1.99,1.85,1.8,11,-0.25,1.83,1.81,2.12,2.08,2.35,3.36,3.32
GER2,2012/13,2012-11-18,Regensburg,Union Berlin,3,3,D,2,1,H,2.8,3.25,2.5,2.7,3.3,2.45,2.7,3.3,2.45,2.75,3.3,2.4,2.75,3.3,2.38,3.01,3.41,2.47,2.62,3.2,2.5,2.8,3.2,2.5,3.0,3.3,2.45,2.75,3.25,2.4,35,3.05,2.81,3.5,3.22,2.5,2.43,32,1.95,1.87,2.0,1.91,17,0.0,2.2,2.12,1.78,1.73,3.07,3.46,2.44
GER2,2012/13,2012-11-19,Hertha,St Pauli,1,0,H,0,0,D,1.67,3.9,4.75,1.72,3.9,5.0,1.72,3.9,5.0,1.65,3.6,5.1,1.62,3.75,5.0,1.65,4.16,5.48,1.62,3.6,5.0,1.67,3.6,5.25,1.62,4.0,5.4,1.62,3.75,5.0,34,1.67,1.63,4.16,3.72,5.7,5.14,25,1.71,1.64,2.32,2.18,17,-1.0,2.19,2.11,1.82,1.75,1.56,4.38,6.48
GER2,2012/13,2012-11-23,FC Koln,Bochum,3,1,H,2,0,H,1.67,3.75,5.0,1.75,3.5,4.5,1.75,3.5,4.5,1.7,3.6,4.7,1.73,3.5,4.5,1.76,3.92,4.92,1.7,3.5,4.5,1.73,3.5,5.0,1.73,3.8,4.8,1.7,3.75,4.2,39,1.77,1.72,3.97,3.66,5.0,4.6,37,1.8,1.71,2.26,2.11,20,-0.75,2.0,1.96,1.95,1.91,1.7,3.96,5.44
GER2,2012/13,2012-11-23,Paderborn,Dresden,2,2,D,2,2,D,1.75,3.75,4.33,1.8,3.5,4.2,1.8,3.5,4.2,1.8,3.4,4.3,1.83,3.4,4.0,1.85,3.75,4.6,1.75,3.5,4.33,1.8,3.5,4.33,1.8,3.6,4.5,1.8,3.5,4.0,38,1.89,1.81,3.75,3.51,4.64,4.26,36,1.98,1.91,1.98,1.88,19,-0.75,2.14,2.09,1.81,1.78,1.87,3.83,4.36
GER2,2012/13,2012-11-23,Regensburg,Aalen,1,3,A,1,0,H,2.5,3.25,2.8,2.45,3.1,2.85,2.45,3.1,2.85,2.4,3.3,2.75,2.4,3.25,2.75,2.56,3.38,2.94,2.45,3.1,2.8,2.5,3.2,2.8,2.5,3.3,2.88,2.4,3.2,2.75,39,2.57,2.46,3.41,3.21,3.0,2.82,37,2.3,2.14,1.75,1.68,21,0.0,1.84,1.8,2.12,2.05,2.45,3.39,3.1
GER2,2012/13,2012-11-24,Cottbus,Braunschweig,3,1,H,2,1,H,2.6,3.25,2.7,2.7,3.3,2.45,2.7,3.3,2.45,2.75,3.3,2.4,2.75,3.25,2.4,2.76,3.28,2.76,2.7,3.2,2.4,2.75,3.25,2.5,2.7,3.2,2.7,2.75,3.25,2.4,37,2.76,2.69,3.3,3.19,2.8,2.56,32,2.28,2.16,1.76,1.66,19,0.0,2.0,1.95,1.96,1.89,2.82,3.37,2.68
GER2,2012/13,2012-11-24,Frankfurt FSV,Kaiserslautern,0,1,A,0,1,A,3.5,3.4,2.05,3.25,3.25,2.15,3.25,3.25,2.15,3.3,3.3,2.1,3.2,3.4,2.1,3.59,3.62,2.1,3.25,3.25,2.1,3.3,3.3,2.1,3.5,3.5,2.1,3.3,3.25,2.1,37,3.59,3.33,3.62,3.31,2.18,2.1,35,1.96,1.85,2.08,1.94,15,0.25,2.08,2.04,1.89,1.84,4.04,3.64,1.99
GER2,2012/13,2012-11-24,Union Berlin,Munich 1860,2,2,D,1,0,H,2.2,3.3,3.3,2.2,3.3,3.1,2.2,3.3,3.1,2.2,3.3,3.1,2.2,3.4,3.0,2.22,3.49,3.41,2.15,3.25,3.1,2.25,3.3,3.13,2.2,3.4,3.3,2.2,3.3,3.0,37,2.25,2.18,3.55,3.31,3.41,3.15,35,2.1,1.98,1.88,1.8,19,0.0,1.63,1.59,2.47,2.35,1.93,3.59,4.42
GER2,2012/13,2012-11-25,Erzgebirge Aue,Hertha,0,4,A,0,2,A,3.75,3.5,1.95,3.75,3.3,1.95,3.75,3.3,1.95,3.8,3.45,1.9,3.75,3.4,1.91,4.34,3.62,1.92,3.6,3.3,1.95,3.8,3.4,1.95,4.2,3.5,1.9,3.6,3.5,1.91,37,4.34,3.82,3.62,3.39,1.98,1.92,35,2.03,1.95,1.94,1.83,15,0.25,2.36,2.29,1.72,1.65,4.57,3.86,1.83
GER2,2012/13,2012-11-25,Ingolstadt,Sandhausen,1,1,D,1,0,H,1.57,3.8,6.0,1.5,4.0,6.0,1.5,4.0,6.0,1.5,4.0,6.1,1.57,3.75,5.5,1.58,4.31,6.07,1.53,3.8,5.5,1.57,4.0,5.75,1.57,4.2,6.0,1.53,4.0,5.4,37,1.61,1.56,4.35,3.88,6.3,5.59,27,1.73,1.65,2.32,2.15,20,-1.0,2.06,2.0,1.98,1.86,1.63,4.21,5.75
GER2,2012/13,2012-11-25,St Pauli,Duisburg,4,1,H,1,1,D,1.67,3.75,5.0,1.65,3.8,4.75,1.65,3.8,4.75,1.65,3.6,5.1,1.67,3.6,4.75,1.64,4.08,5.69,1.67,3.6,4.5,1.67,3.6,5.25,1.62,4.0,5.5,1.67,3.5,5.0,37,1.67,1.65,4.1,3.64,5.8,5.11,35,1.83,1.75,2.13,2.05,18,-0.75,1.85,1.82,2.12,2.05,1.58,4.26,6.25
GER2,2012/13,2012-11-27,Bochum,Frankfurt FSV,1,3,A,0,1,A,2.0,3.5,3.6,2.0,3.3,3.6,2.0,3.3,3.6,2.1,3.3,3.3,2.0,3.25,3.5,2.1,3.51,3.71,2.05,3.4,3.25,2.05,3.4,3.5,2.05,3.4,3.6,2.0,3.4,3.4,38,2.13,2.05,3.55,3.38,3.8,3.47,37,1.82,1.72,2.19,2.09,20,-0.25,1.86,1.83,2.12,2.04,2.2,3.49,3.53
GER2,2012/13,2012-11-27,Dresden,Aalen,0,0,D,0,0,D,2.1,3.4,3.4,2.1,3.3,3.3,2.1,3.3,3.3,2.1,3.3,3.3,2.1,3.3,3.2,2.22,3.5,3.41,2.15,3.1,3.3,2.1,3.3,3.4,2.15,3.4,3.4,2.2,3.3,3.0,38,2.24,2.14,3.53,3.29,3.7,3.32,36,2.22,2.07,1.83,1.74,19,-0.25,1.89,1.86,2.06,2.01,2.06,3.54,3.84
GER2,2012/13,2012-11-27,Kaiserslautern,Regensburg,1,1,D,1,1,D,1.33,5.0,8.5,1.35,4.75,7.75,1.35,4.75,7.75,1.35,4.8,7.6,1.33,4.5,8.0,1.35,5.43,9.52,1.36,4.5,7.0,1.33,4.8,9.0,1.33,5.25,9.5,1.36,4.5,7.5,38,1.36,1.33,5.6,4.86,10.93,8.64,28,1.63,1.56,2.54,2.31,22,-1.5,2.05,2.0,1.97,1.86,1.34,5.49,10.56
GER2,2012/13,2012-11-27,Munich 1860,Paderborn,1,0,H,1,0,H,2.1,3.4,3.4,2.1,3.3,3.3,2.1,3.3,3.3,2.0,3.3,3.6,2.0,3.3,3.4,2.2,3.41,3.56,2.15,3.3,3.1,2.1,3.3,3.4,2.15,3.3,3.5,2.2,3.3,3.0,38,2.2,2.13,3.44,3.29,3.6,3.34,37,2.12,2.01,1.85,1.78,20,-0.25,1.9,1.86,2.05,2.01,2.19,3.63,3.38
GER2,2012/13,2012-11-28,Braunschweig,St Pauli,1,0,H,1,0,H,1.8,3.4,4.75,1.83,3.4,4.2,1.83,3.4,4.2,1.8,3.5,4.2,1.73,3.5,4.33,1.93,3.62,4.26,1.83,3.4,4.0,1.8,3.5,4.33,1.85,3.5,4.6,1.83,3.4,4.0,36,1.93,1.85,3.62,3.42,4.5,4.08,34,2.02,1.93,1.94,1.85,17,-0.75,2.25,2.17,1.76,1.71,1.92,3.58,4.5
GER2,2012/13,2012-11-28,Duisburg,Union Berlin,1,2,A,0,2,A,2.75,3.3,2.5,2.55,3.4,2.55,2.55,3.4,2.55,2.5,3.3,2.65,2.5,3.25,2.62,2.85,3.46,2.56,2.5,3.3,2.6,2.6,3.3,2.63,2.8,3.4,2.5,2.6,3.25,2.5,36,2.85,2.63,3.46,3.25,2.72,2.56,34,1.87,1.8,2.1,1.98,18,0.0,2.06,1.98,1.91,1.86,3.03,3.48,2.44
GER2,2012/13,2012-11-28,Ingolstadt,Erzgebirge Aue,1,2,A,1,1,D,1.91,3.5,3.9,1.85,3.4,4.1,1.85,3.4,4.1,1.8,3.5,4.2,1.83,3.5,3.75,1.96,3.65,4.09,1.91,3.3,3.75,1.91,3.5,3.8,1.92,3.6,4.0,1.83,3.4,3.8,36,1.96,1.9,3.65,3.39,4.3,3.87,34,2.0,1.93,1.95,1.85,16,-0.5,1.96,1.94,1.96,1.94,2.04,3.49,3.92
GER2,2012/13,2012-11-28,Sandhausen,Cottbus,3,1,H,0,1,A,3.8,3.5,1.95,3.5,3.4,2.0,3.5,3.4,2.0,3.6,3.4,1.95,3.2,3.3,2.1,3.73,3.56,2.09,3.5,3.4,1.95,3.6,3.4,2.0,3.7,3.5,2.05,3.5,3.4,1.95,36,3.8,3.56,3.6,3.37,2.1,1.99,34,1.9,1.83,2.04,1.95,17,0.25,2.12,2.08,1.83,1.79,3.41,3.62,2.19
GER2,2012/13,2012-11-29,Hertha,FC Koln,1,1,D,1,1,D,1.62,3.8,5.5,1.65,3.75,4.75,1.65,3.75,4.75,1.65,3.6,5.1,1.67,3.5,4.8,1.62,4.08,5.87,1.65,3.6,4.8,1.62,3.6,5.8,1.6,4.0,5.75,1.67,3.5,5.0,35,1.67,1.62,4.1,3.69,5.9,5.34,33,1.85,1.78,2.13,2.01,18,-1.0,2.16,2.1,1.83,1.77,1.62,4.13,5.89
GER2,2012/13,2012-11-30,Aalen,Munich 1860,1,1,D,0,0,D,2.5,3.3,2.75,2.5,3.4,2.6,2.5,3.4,2.6,2.5,3.3,2.65,2.5,3.2,2.62,2.7,3.33,2.82,2.45,3.0,2.88,2.5,3.3,2.75,2.62,3.25,2.75,2.5,3.25,2.62,39,2.72,2.52,3.35,3.21,2.91,2.74,36,2.38,2.21,1.7,1.64,21,0.0,1.89,1.84,2.06,2.0,2.52,3.35,3.03
GER2,2012/13,2012-11-30,Regensburg,Dresden,0,0,D,0,0,D,2.5,3.3,2.75,2.55,3.2,2.65,2.55,3.2,2.65,2.5,3.3,2.65,2.3,3.25,2.88,2.71,3.47,2.71,2.5,3.25,2.6,2.5,3.25,2.75,2.45,3.4,2.88,2.4,3.2,2.75,38,2.72,2.57,3.45,3.27,2.76,2.64,32,2.06,1.97,1.9,1.81,21,0.0,1.97,1.91,1.98,1.93,2.72,3.45,2.72
GER2,2012/13,2012-12-01,Erzgebirge Aue,Sandhausen,2,2,D,1,1,D,1.73,3.6,4.75,1.78,3.4,4.5,1.78,3.4,4.5,1.85,3.5,3.9,1.73,3.5,4.33,1.87,3.77,4.35,1.75,3.5,4.33,1.8,3.5,4.33,1.8,3.6,4.6,1.8,3.5,4.2,37,1.86,1.79,3.79,3.5,4.75,4.23,34,1.89,1.8,2.06,1.99,18,-0.75,2.11,2.07,1.85,1.81,1.79,3.84,4.82
GER2,2012/13,2012-12-01,St Pauli,Kaiserslautern,1,0,H,0,0,D,2.5,3.3,2.8,2.6,3.2,2.6,2.6,3.2,2.6,2.65,3.3,2.5,2.5,3.25,2.6,2.54,3.47,2.91,2.5,3.3,2.6,2.6,3.25,2.75,2.5,3.4,2.8,2.6,3.2,2.6,37,2.65,2.56,3.47,3.23,2.88,2.64,34,1.99,1.9,2.0,1.88,19,0.0,1.92,1.88,2.03,1.96,2.7,3.52,2.7
GER2,2012/13,2012-12-01,Union Berlin,Bochum,2,1,H,1,1,D,1.67,3.75,5.0,1.72,3.5,4.7,1.72,3.5,4.7,1.8,3.5,4.2,1.73,3.5,4.33,1.71,4.03,5.04,1.75,3.75,4.0,1.67,3.6,5.0,1.7,3.9,4.8,1.7,3.6,4.5,37,1.8,1.72,4.01,3.65,5.0,4.49,26,1.75,1.66,2.25,2.13,18,-0.75,1.96,1.93,1.97,1.94,1.71,4.13,5.05
GER2,2012/13,2012-12-02,FC Koln,Ingolstadt,1,0,H,1,0,H,1.73,3.5,5.0,1.75,3.7,4.2,1.75,3.7,4.2,1.65,3.6,5.1,1.8,3.4,4.0,1.76,3.83,5.0,1.83,3.4,4.0,1.73,3.5,4.8,1.75,3.75,4.8,1.75,3.5,4.5,37,1.83,1.75,3.83,3.51,5.1,4.43,34,1.96,1.88,2.0,1.9,18,-0.75,2.05,2.0,1.91,1.87,1.63,4.01,6.2
GER2,2012/13,2012-12-02,Frankfurt FSV,Braunschweig,1,2,A,0,2,A,3.2,3.3,2.25,3.1,3.3,2.2,3.1,3.3,2.2,3.1,3.3,2.2,2.9,3.25,2.25,3.42,3.46,2.25,3.0,3.2,2.25,3.0,3.3,2.25,3.3,3.4,2.2,3.0,3.25,2.3,37,3.45,3.08,3.46,3.26,2.3,2.22,34,2.1,2.0,1.85,1.79,18,0.25,2.02,1.96,1.96,1.92,3.43,3.35,2.29
GER2,2012/13,2012-12-02,Paderborn,Duisburg,0,2,A,0,0,D,1.7,3.6,5.0,1.72,3.6,4.5,1.72,3.6,4.5,1.7,3.6,4.7,1.7,3.5,4.5,1.75,3.87,4.98,1.7,3.6,4.5,1.73,3.6,4.8,1.73,3.8,5.0,1.7,3.6,4.75,36,1.75,1.71,3.87,3.56,5.1,4.6,33,1.89,1.8,2.06,1.99,17,-0.75,2.0,1.96,1.95,1.91,1.82,3.97,4.47
GER2,2012/13,2012-12-03,Cottbus,Hertha,1,2,A,0,1,A,3.2,3.4,2.2,3.0,3.4,2.2,3.0,3.4,2.2,2.75,3.3,2.4,3.0,3.25,2.2,3.43,3.5,2.2,3.0,3.3,2.2,3.13,3.3,2.25,3.4,3.4,2.2,3.1,3.25,2.2,37,3.48,3.15,3.5,3.28,2.4,2.18,34,1.94,1.86,2.0,1.92,19,0.0,2.52,2.38,1.7,1.57,3.63,3.49,2.16
GER2,2012/13,2012-12-07,Aalen,Duisburg,0,1,A,0,0,D,2.0,3.4,3.75,2.0,3.4,3.5,2.0,3.4,3.5,2.05,3.25,3.55,2.0,3.3,3.4,2.08,3.43,3.95,2.0,3.25,3.6,2.0,3.3,3.6,2.0,3.3,3.9,2.0,3.25,3.6,38,2.14,2.04,3.55,3.27,3.95,3.62,36,2.38,2.23,1.73,1.64,19,-0.25,1.86,1.83,2.14,2.05,2.19,3.38,3.64
GER2,2012/13,2012-12-07,Frankfurt FSV,Sandhausen,3,1,H,2,0,H,1.8,3.6,4.33,1.85,3.3,4.25,1.85,3.3,4.25,1.85,3.4,4.1,1.8,3.4,4.0,1.88,3.78,4.39,1.8,3.5,4.0,1.83,3.4,4.33,1.85,3.7,4.3,1.83,3.5,4.0,38,1.91,1.85,3.8,3.47,4.5,4.14,36,1.96,1.87,2.05,1.92,19,-0.75,2.18,2.13,1.8,1.75,1.83,3.75,4.69
GER2,2012/13,2012-12-07,Union Berlin,Kaiserslautern,2,0,H,1,0,H,3.0,3.3,2.3,2.65,3.3,2.5,2.65,3.3,2.5,2.65,3.2,2.55,2.6,3.2,2.5,3.0,3.48,2.47,2.7,3.3,2.4,2.88,3.25,2.4,2.9,3.4,2.45,2.7,3.25,2.5,38,3.1,2.84,3.48,3.26,2.6,2.43,36,1.96,1.88,2.0,1.9,20,0.0,2.19,2.11,1.78,1.74,3.13,3.46,2.39
GER2,2012/13,2012-12-08,Dresden,Bochum,0,3,A,0,2,A,2.0,3.4,3.75,2.0,3.4,3.5,2.0,3.4,3.5,2.1,3.3,3.3,2.0,3.3,3.4,1.99,3.63,3.96,2.0,3.3,3.5,2.0,3.4,3.6,1.95,3.5,3.9,1.95,3.4,3.6,34,2.1,1.98,3.65,3.36,4.0,3.65,32,1.98,1.88,1.99,1.9,16,-0.25,1.76,1.72,2.24,2.15,2.16,3.55,3.57
GER2,2012/13,2012-12-08,Paderborn,Hertha,0,1,A,0,0,D,4.33,3.4,1.85,4.1,3.3,1.87,4.1,3.3,1.87,3.7,3.35,1.95,3.75,3.3,1.91,4.17,3.68,1.93,4.0,3.3,1.85,4.0,3.4,1.9,4.2,3.6,1.87,3.8,3.6,1.83,36,4.33,3.92,3.68,3.39,2.0,1.9,34,2.18,2.02,1.85,1.77,16,0.5,1.99,1.96,1.94,1.91,5.09,3.79,1.77
GER2,2012/13,2012-12-09,Cottbus,Ingolstadt,1,1,D,1,0,H,1.91,3.4,4.0,1.85,3.4,4.1,1.85,3.4,4.1,1.85,3.45,4.0,1.8,3.5,4.0,1.98,3.58,4.07,1.91,3.3,3.8,1.95,3.4,3.75,1.95,3.5,4.0,1.91,3.5,3.75,36,1.99,1.91,3.6,3.41,4.1,3.84,34,2.03,1.94,1.92,1.83,17,-0.25,1.73,1.7,2.26,2.2,1.99,3.5,4.21
GER2,2012/13,2012-12-09,Regensburg,Munich 1860,1,1,D,0,0,D,3.1,3.3,2.3,2.9,3.3,2.3,2.9,3.3,2.3,3.1,3.3,2.2,3.0,3.25,2.2,3.04,3.32,2.5,3.1,3.2,2.2,3.0,3.25,2.3,3.0,3.25,2.45,3.0,3.2,2.3,36,3.15,2.99,3.35,3.19,2.5,2.33,31,2.33,2.16,1.75,1.67,17,0.25,1.84,1.8,2.15,2.09,3.38,3.35,2.31
GER2,2012/13,2012-12-09,St Pauli,Erzgebirge Aue,0,3,A,0,0,D,1.62,3.8,5.5,1.6,3.7,5.5,1.6,3.7,5.5,1.6,3.8,5.2,1.57,3.75,5.25,1.67,4.0,5.55,1.65,3.6,4.8,1.62,3.6,5.5,1.65,3.9,5.4,1.62,3.75,5.4,36,1.7,1.61,4.0,3.72,5.7,5.26,34,1.88,1.81,2.1,1.98,19,-1.0,2.2,2.13,1.79,1.75,1.75,3.81,5.27
GER2,2012/13,2012-12-10,FC Koln,Braunschweig,2,2,D,0,1,A,2.5,3.3,2.75,2.45,3.3,2.7,2.45,3.3,2.7,2.5,3.3,2.65,2.4,3.2,2.7,2.59,3.34,2.9,2.38,3.2,2.8,2.5,3.2,2.88,2.55,3.25,2.88,2.4,3.3,2.75,36,2.59,2.42,3.35,3.21,3.0,2.82,34,2.15,2.05,1.83,1.74,18,0.0,1.85,1.77,2.13,2.08,2.45,3.46,3.1
GER2,2012/13,2012-12-14,Erzgebirge Aue,Cottbus,3,0,H,1,0,H,2.4,3.3,2.9,2.35,3.2,2.9,2.35,3.2,2.9,2.5,3.3,2.65,2.3,3.25,2.9,2.43,3.41,3.12,2.3,3.1,3.0,2.38,3.2,3.0,2.45,3.25,3.1,2.38,3.2,2.88,39,2.51,2.41,3.44,3.24,3.05,2.87,37,2.12,2.02,1.84,1.77,21,0.0,1.8,1.76,2.16,2.09,2.36,3.4,3.25
GER2,2012/13,2012-12-14,Kaiserslautern,Aalen,0,1,A,0,1,A,1.53,4.0,6.0,1.5,3.9,6.25,1.5,3.9,6.25,1.55,3.9,5.6,1.53,3.75,6.0,1.56,4.28,6.6,1.5,3.75,6.5,1.53,3.75,7.0,1.55,4.0,7.0,1.5,3.75,7.0,39,1.63,1.52,4.21,3.82,7.0,6.5,37,2.2,1.99,1.94,1.81,22,-1.0,2.1,1.96,1.96,1.9,1.58,4.09,6.78
GER2,2012/13,2012-12-14,Sandhausen,FC Koln,0,0,D,0,0,D,4.2,3.5,1.85,4.33,3.4,1.8,4.33,3.4,1.8,3.8,3.45,1.9,3.75,3.4,1.91,4.14,3.72,1.94,3.8,3.5,1.85,4.0,3.4,1.83,4.3,3.5,1.92,3.8,3.4,1.91,39,4.23,3.94,3.75,3.48,1.92,1.88,36,1.9,1.82,2.06,1.97,20,0.25,2.35,2.3,1.68,1.65,4.45,3.77,1.88
GER2,2012/13,2012-12-15,Hertha,Frankfurt FSV,2,1,H,0,0,D,1.36,4.5,9.0,1.35,4.75,7.75,1.35,4.75,7.75,1.37,4.6,7.5,1.33,4.5,9.0,1.36,4.98,10.5,1.35,4.6,7.5,1.33,4.5,10.0,1.36,4.8,10.0,1.33,4.5,9.0,37,1.4,1.33,5.1,4.59,10.5,9.23,26,1.77,1.68,2.24,2.1,20,-1.5,2.05,2.0,1.92,1.86,1.33,5.57,10.6
GER2,2012/13,2012-12-15,Ingolstadt,St Pauli,0,0,D,0,0,D,2.5,3.25,2.8,2.45,3.25,2.75,2.45,3.25,2.75,2.5,3.3,2.65,2.4,3.2,2.8,2.63,3.33,2.87,2.45,3.0,2.88,2.5,3.2,2.75,2.6,3.3,2.8,2.5,3.2,2.75,37,2.63,2.49,3.35,3.19,3.0,2.76,34,2.26,2.14,1.74,1.68,19,0.0,1.88,1.82,2.08,2.02,2.76,3.33,2.76
GER2,2012/13,2012-12-16,Bochum,Paderborn,4,0,H,2,0,H,2.4,3.3,2.9,2.35,3.3,2.85,2.35,3.3,2.85,2.25,3.3,3.0,2.38,3.2,2.88,2.4,3.43,3.11,2.3,3.25,2.88,2.4,3.25,2.88,2.45,3.3,3.0,2.4,3.2,2.88,37,2.45,2.36,3.43,3.22,3.11,2.9,33,2.01,1.91,1.95,1.88,19,0.0,1.75,1.7,2.23,2.16,2.58,3.45,2.85
GER2,2012/13,2012-12-16,Duisburg,Regensburg,4,2,H,0,2,A,1.83,3.5,4.2,1.85,3.25,4.33,1.85,3.25,4.33,1.8,3.5,4.2,1.83,3.4,4.0,1.91,3.5,4.54,1.85,3.2,4.2,1.83,3.3,4.33,1.9,3.5,4.33,1.83,3.3,4.2,37,1.92,1.85,3.55,3.35,4.6,4.2,33,2.26,2.15,1.77,1.68,18,-0.75,2.26,2.16,1.75,1.72,1.86,3.41,5.14
GER2,2012/13,2012-12-16,Munich 1860,Dresden,1,1,D,0,0,D,1.75,3.5,4.75,1.78,3.4,4.5,1.78,3.4,4.5,1.85,3.45,4.0,1.73,3.5,4.5,1.85,3.66,4.64,1.8,3.3,4.33,1.8,3.4,4.5,1.83,3.5,4.8,1.8,3.4,4.33,36,1.88,1.79,3.73,3.44,4.75,4.4,33,2.17,2.06,1.81,1.73,17,-0.75,2.11,2.04,1.86,1.83,2.0,3.51,4.09
GER2,2012/13,2012-12-17,Braunschweig,Union Berlin,4,3,H,2,2,D,1.73,3.6,4.75,1.7,3.5,4.75,1.7,3.5,4.75,1.8,3.5,4.2,1.73,3.5,4.5,1.7,3.87,5.47,1.75,3.5,4.33,1.67,3.6,5.0,1.75,3.7,5.0,1.73,3.5,4.5,37,1.8,1.7,3.87,3.56,5.2,4.72,35,2.02,1.93,1.94,1.85,17,-0.75,1.95,1.92,1.99,1.96,2.04,3.57,3.96
GER2,2012/13,2013-02-01,Aalen,Bochum,2,2,D,0,1,A,2.2,3.3,3.3,2.15,3.3,3.2,2.15,3.3,3.2,2.2,3.2,3.2,2.1,3.3,3.2,2.18,3.39,3.68,2.15,3.1,3.3,2.1,3.25,3.4,2.2,3.3,3.5,2.2,3.25,3.1,40,2.31,2.2,3.4,3.26,3.45,3.23,36,2.2,2.11,1.78,1.71,20,-0.25,2.0,1.96,1.95,1.91,2.21,3.4,3.59
GER2,2012/13,2013-02-01,Dresden,Duisburg,0,0,D,0,0,D,2.1,3.4,3.4,2.2,3.3,3.1,2.2,3.3,3.1,2.1,3.3,3.3,2.1,3.3,3.2,2.12,3.5,3.73,2.15,3.2,3.2,2.1,3.3,3.3,2.15,3.4,3.6,2.2,3.25,3.1,39,2.2,2.03,3.55,3.38,4.08,3.58,35,2.06,1.97,1.91,1.81,19,-0.25,1.81,1.73,2.23,2.17,2.06,3.4,4.04
GER2,2012/13,2013-02-01,Union Berlin,Sandhausen,3,1,H,2,0,H,1.53,4.0,6.0,1.53,3.75,6.25,1.53,3.75,6.25,1.5,4.0,6.1,1.5,3.8,6.0,1.55,4.42,6.51,1.53,4.0,5.5,1.53,3.8,6.25,1.53,4.33,6.5,1.5,3.8,6.5,40,1.58,1.54,4.45,3.93,6.5,5.93,36,1.75,1.69,2.26,2.13,23,-1.0,2.0,1.95,1.98,1.91,1.51,4.51,7.01
GER2,2012/13,2013-02-02,FC Koln,Erzgebirge Aue,2,1,H,1,0,H,1.62,3.8,5.5,1.65,3.75,4.75,1.65,3.75,4.75,1.55,4.0,5.4,1.65,3.75,4.5,1.62,4.03,6.04,1.65,3.6,4.8,1.62,3.8,5.25,1.62,4.0,6.0,1.67,3.5,5.4,38,1.67,1.62,4.0,3.68,5.9,5.29,34,2.02,1.88,2.0,1.88,21,-1.0,2.2,2.1,1.8,1.76,1.66,3.97,5.88
GER2,2012/13,2013-02-02,Paderborn,Braunschweig,1,2,A,0,1,A,3.3,3.3,2.2,3.15,3.35,2.15,3.15,3.35,2.15,3.3,3.3,2.1,3.2,3.3,2.1,3.46,3.42,2.23,3.4,3.25,2.05,3.3,3.4,2.1,3.4,3.4,2.2,3.2,3.3,2.15,38,3.55,3.22,3.45,3.28,2.25,2.17,34,2.12,2.02,1.84,1.76,18,0.25,2.0,1.97,1.95,1.91,3.11,3.36,2.47
GER2,2012/13,2013-02-03,Frankfurt FSV,Ingolstadt,0,2,A,0,0,D,2.38,3.2,3.1,2.4,3.2,2.85,2.4,3.2,2.85,2.4,3.3,2.75,2.3,3.2,2.87,2.41,3.31,3.19,2.3,3.1,3.0,2.4,3.25,2.88,2.4,3.3,3.12,2.4,3.2,2.88,38,2.45,2.36,3.35,3.19,3.2,2.95,34,2.22,2.1,1.8,1.7,19,0.0,1.72,1.69,2.28,2.19,2.14,3.28,3.97
GER2,2012/13,2013-02-03,Regensburg,Hertha,1,5,A,0,0,D,6.0,3.8,1.57,5.75,3.8,1.55,5.75,3.8,1.55,6.1,4.0,1.5,6.0,3.6,1.53,6.38,4.18,1.58,5.5,3.8,1.55,6.0,3.75,1.57,6.25,4.1,1.57,6.0,3.8,1.53,38,6.75,6.03,4.2,3.82,1.58,1.54,35,1.88,1.8,2.1,1.98,21,1.0,1.93,1.87,2.03,1.98,6.21,4.19,1.6
GER2,2012/13,2013-02-03,St Pauli,Cottbus,0,0,D,0,0,D,2.0,3.4,3.75,2.0,3.4,3.5,2.0,3.4,3.5,2.0,3.3,3.6,1.95,3.4,3.5,2.0,3.52,4.07,1.95,3.25,3.75,1.95,3.4,3.75,2.0,3.5,4.0,1.95,3.4,3.6,38,2.1,1.98,3.5,3.34,3.99,3.7,34,2.16,2.02,1.82,1.76,18,-0.25,1.78,1.71,2.27,2.17,1.81,3.62,5.0
GER2,2012/13,2013-02-04,Munich 1860,Kaiserslautern,0,1,A,0,0,D,2.8,3.3,2.5,2.7,3.25,2.5,2.7,3.25,2.5,2.6,3.2,2.6,2.7,3.1,2.5,2.99,3.27,2.57,2.8,3.1,2.45,2.8,3.13,2.5,3.0,3.25,2.55,2.8,3.1,2.5,38,3.0,2.79,3.4,3.15,2.6,2.5,31,2.27,2.11,1.75,1.69,19,0.0,2.12,2.02,1.86,1.82,3.08,3.24,2.54
GER2,2012/13,2013-02-08,Braunschweig,Aalen,1,1,D,0,1,A,1.7,3.75,4.75,1.62,3.8,5.0,1.62,3.8,5.0,1.55,3.9,5.6,1.57,3.75,5.5,1.71,3.78,5.62,1.73,3.4,4.6,1.62,3.6,5.5,1.7,3.7,5.5,1.62,3.6,5.5,38,1.73,1.66,4.0,3.58,5.72,5.26,34,2.12,2.04,1.83,1.75,22,-1.0,2.35,2.27,1.73,1.65,1.79,3.59,5.35
GER2,2012/13,2013-02-08,Erzgebirge Aue,Frankfurt FSV,0,2,A,0,0,D,2.05,3.4,3.5,2.0,3.2,3.75,2.0,3.2,3.75,2.1,3.3,3.3,2.0,3.4,3.4,2.08,3.58,3.79,2.05,3.25,3.4,2.1,3.25,3.5,2.05,3.5,3.75,2.0,3.25,3.6,38,2.1,2.05,3.5,3.31,3.85,3.56,34,2.1,1.96,1.97,1.82,20,-0.25,1.82,1.78,2.14,2.09,2.0,3.63,4.01
GER2,2012/13,2013-02-08,Kaiserslautern,Dresden,3,0,H,2,0,H,1.53,4.0,6.0,1.55,3.9,5.5,1.55,3.9,5.5,1.55,3.9,5.6,1.57,3.75,5.5,1.57,4.12,6.92,1.55,3.8,5.5,1.62,3.75,5.75,1.55,4.1,7.0,1.53,3.75,6.0,37,1.57,1.54,4.18,3.86,7.12,6.11,33,2.02,1.93,1.93,1.84,21,-1.0,2.02,1.96,1.95,1.89,1.59,4.08,6.65
GER2,2012/13,2013-02-09,Cottbus,FC Koln,0,0,D,0,0,D,2.63,3.3,2.63,2.45,3.3,2.7,2.45,3.3,2.7,2.6,3.1,2.65,2.37,3.3,2.75,2.79,3.33,2.69,2.6,3.1,2.6,2.5,3.25,2.75,2.75,3.3,2.7,2.62,3.1,2.62,36,2.79,2.57,3.35,3.2,2.88,2.67,32,2.12,2.01,1.85,1.77,19,0.0,2.0,1.93,1.94,1.91,2.67,3.31,2.86
GER2,2012/13,2013-02-09,Duisburg,Munich 1860,1,3,A,1,2,A,2.4,3.3,2.88,2.55,3.35,2.55,2.55,3.35,2.55,2.5,3.2,2.7,2.37,3.3,2.75,2.59,3.33,2.91,2.5,3.1,2.7,2.5,3.25,2.75,2.55,3.3,2.9,2.38,3.2,2.88,36,2.62,2.47,3.4,3.22,2.95,2.76,32,2.12,1.99,1.88,1.79,19,0.0,1.87,1.8,2.12,2.04,2.6,3.38,2.89
GER2,2012/13,2013-02-10,Bochum,Regensburg,0,2,A,0,0,D,1.67,3.75,5.0,1.65,3.7,4.9,1.65,3.7,4.9,1.65,3.6,5.1,1.7,3.6,4.5,1.77,3.87,4.86,1.73,3.6,4.33,1.67,3.75,4.8,1.75,3.8,5.0,1.7,3.6,4.5,36,1.77,1.69,3.95,3.61,5.3,4.79,33,1.85,1.77,2.1,2.01,18,-0.75,2.0,1.94,1.99,1.92,1.79,3.8,4.88
GER2,2012/13,2013-02-10,Ingolstadt,Paderborn,1,3,A,0,1,A,2.1,3.4,3.4,2.0,3.3,3.6,2.0,3.3,3.6,2.0,3.3,3.6,2.1,3.3,3.3,2.17,3.36,3.68,2.15,3.1,3.3,2.1,3.3,3.5,2.15,3.4,3.6,2.1,3.3,3.3,36,2.17,2.08,3.45,3.28,3.7,3.43,32,2.22,2.09,1.8,1.71,18,-0.25,1.89,1.85,2.05,2.01,2.17,3.44,3.65
GER2,2012/13,2013-02-10,Sandhausen,St Pauli,4,1,H,3,0,H,3.6,3.3,2.05,3.3,3.3,2.1,3.3,3.3,2.1,3.2,3.2,2.2,3.25,3.3,2.1,3.81,3.41,2.11,3.4,3.25,2.05,3.5,3.3,2.05,3.75,3.4,2.1,3.6,3.3,2.0,36,3.81,3.4,3.45,3.27,2.2,2.09,33,2.25,2.12,1.78,1.69,18,0.25,2.12,2.07,1.84,1.81,3.47,3.39,2.25
GER2,2012/13,2013-02-11,Hertha,Union Berlin,2,2,D,0,1,A,1.53,4.2,5.75,1.6,3.9,5.0,1.6,3.9,5.0,1.6,3.7,5.4,1.57,3.75,5.5,1.57,4.31,6.18,1.6,3.8,5.0,1.53,4.0,5.75,1.57,4.3,6.0,1.53,3.75,6.0,36,1.6,1.56,4.31,3.86,6.3,5.76,25,1.7,1.63,2.34,2.15,19,-1.0,2.03,1.98,1.94,1.88,1.57,4.3,6.6
GER2,2012/13,2013-02-15,Munich 1860,Bochum,0,1,A,0,1,A,1.75,3.5,4.75,1.75,3.4,4.6,1.75,3.4,4.6,1.85,3.45,4.0,1.7,3.6,4.5,1.76,3.83,5.08,1.73,3.4,4.6,1.73,3.5,4.8,1.75,3.75,5.0,1.83,3.4,4.0,37,1.85,1.74,3.9,3.6,5.4,4.64,33,2.0,1.87,2.05,1.91,18,-0.75,2.0,1.91,2.01,1.95,1.71,4.08,5.08
GER2,2012/13,2013-02-15,Paderborn,Erzgebirge Aue,2,0,H,2,0,H,2.1,3.3,3.5,2.0,3.3,3.6,2.0,3.3,3.6,2.0,3.3,3.6,2.0,3.4,3.4,2.13,3.55,3.65,2.05,3.25,3.4,2.05,3.3,3.5,2.15,3.5,3.5,2.1,3.3,3.3,37,2.37,2.19,3.45,3.28,3.6,3.27,33,2.02,1.93,1.96,1.85,18,-0.25,2.02,1.97,1.94,1.9,2.47,3.32,3.12
GER2,2012/13,2013-02-15,Regensburg,Braunschweig,0,1,A,0,1,A,4.2,3.5,1.85,4.2,3.6,1.78,4.2,3.6,1.78,4.2,3.5,1.8,4.33,3.5,1.75,4.57,3.66,1.88,4.0,3.4,1.83,4.33,3.5,1.8,4.5,3.6,1.85,4.0,3.5,1.83,37,4.67,4.22,3.6,3.41,2.0,1.85,33,2.22,2.04,1.85,1.76,17,0.5,2.03,1.97,1.94,1.9,4.13,3.44,2.02
GER2,2012/13,2013-02-16,Aalen,Hertha,0,1,A,0,0,D,4.2,3.5,1.85,4.2,3.4,1.83,4.2,3.4,1.83,4.2,3.5,1.8,4.0,3.4,1.83,4.62,3.65,1.85,4.0,3.4,1.83,4.33,3.4,1.83,4.6,3.6,1.85,4.2,3.4,1.83,35,4.7,4.21,3.65,3.41,1.87,1.84,31,2.07,1.94,1.92,1.83,16,0.75,1.82,1.78,2.14,2.09,4.13,3.37,2.04
GER2,2012/13,2013-02-16,Union Berlin,Ingolstadt,1,1,D,0,0,D,1.7,3.6,5.0,1.7,3.4,5.0,1.7,3.4,5.0,1.8,3.5,4.2,1.72,3.5,4.5,1.7,3.97,5.21,1.7,3.5,4.5,1.73,3.5,5.0,1.7,3.9,5.2,1.73,3.6,4.5,35,1.8,1.71,3.97,3.59,5.6,4.74,32,2.02,1.93,1.95,1.85,16,-0.75,1.95,1.91,1.99,1.95,1.69,3.9,5.6
GER2,2012/13,2013-02-17,Dresden,Sandhausen,3,1,H,1,0,H,1.83,3.6,4.2,1.85,3.3,4.2,1.85,3.3,4.2,1.9,3.45,3.8,1.9,3.4,3.75,1.86,3.72,4.46,1.85,3.3,4.0,1.9,3.4,4.0,1.87,3.6,4.4,1.91,3.5,3.75,35,1.95,1.87,3.72,3.45,4.46,4.0,31,1.88,1.78,2.12,2.0,15,-0.5,1.9,1.87,2.06,1.99,1.97,3.59,4.2
GER2,2012/13,2013-02-17,Duisburg,Kaiserslautern,0,0,D,0,0,D,3.5,3.3,2.1,3.4,3.35,2.05,3.4,3.35,2.05,3.6,3.3,2.0,3.25,3.3,2.1,3.81,3.4,2.11,3.3,3.3,2.05,3.4,3.3,2.1,3.75,3.4,2.1,3.2,3.3,2.15,35,3.81,3.39,3.4,3.29,2.15,2.1,31,2.25,2.09,1.77,1.71,16,0.25,2.14,2.07,1.85,1.81,3.52,3.44,2.22
GER2,2012/13,2013-02-17,Frankfurt FSV,Cottbus,1,0,H,1,0,H,2.5,3.25,2.8,2.45,3.3,2.7,2.45,3.3,2.7,2.3,3.3,2.9,2.3,3.3,2.87,2.54,3.32,2.99,2.38,3.1,2.88,2.4,3.3,2.88,2.5,3.3,3.0,2.5,3.2,2.75,35,2.56,2.43,3.32,3.23,3.0,2.83,31,2.25,2.1,1.8,1.71,18,0.0,1.81,1.73,2.19,2.11,2.5,3.36,3.04
GER2,2012/13,2013-02-18,St Pauli,FC Koln,0,1,A,0,1,A,2.5,3.25,2.8,2.45,3.3,2.7,2.45,3.3,2.7,2.5,3.3,2.65,2.37,3.1,2.62,2.5,3.3,3.06,2.38,3.1,2.88,2.4,3.25,2.88,2.5,3.25,3.0,2.4,3.2,2.88,35,2.58,2.44,3.3,3.2,3.06,2.83,31,2.25,2.12,1.76,1.69,18,0.0,1.81,1.77,2.17,2.08,2.72,3.31,2.82
GER2,2012/13,2013-02-22,Bochum,Duisburg,2,2,D,0,1,A,2.2,3.3,3.25,2.15,3.2,3.3,2.15,3.2,3.3,2.1,3.3,3.3,2.0,3.3,3.4,2.22,3.5,3.46,2.15,3.2,3.2,2.2,3.3,3.25,2.2,3.5,3.4,2.2,3.25,3.1,38,2.29,2.18,3.47,3.28,3.45,3.24,36,2.18,2.06,1.83,1.74,19,-0.25,1.97,1.92,2.0,1.96,2.37,3.44,3.2
GER2,2012/13,2013-02-22,Erzgebirge Aue,Aalen,1,1,D,1,0,H,2.4,3.2,3.0,2.4,3.1,2.9,2.4,3.1,2.9,2.3,3.3,2.9,2.3,3.2,2.87,2.48,3.3,3.13,2.3,3.1,3.0,2.38,3.2,3.0,2.45,3.25,3.1,2.4,3.2,2.88,38,2.56,2.43,3.3,3.19,3.1,2.89,35,2.36,2.25,1.71,1.62,20,0.0,1.82,1.76,2.2,2.09,2.29,3.36,3.44
GER2,2012/13,2013-02-22,St Pauli,Frankfurt FSV,3,0,H,1,0,H,2.1,3.3,3.5,2.05,3.25,3.5,2.05,3.25,3.5,2.1,3.3,3.3,2.1,3.3,3.25,2.23,3.44,3.5,2.15,3.2,3.2,2.2,3.25,3.3,2.2,3.4,3.4,2.15,3.3,3.2,38,2.26,2.12,3.45,3.27,3.62,3.41,36,2.1,2.02,1.87,1.77,19,-0.25,1.94,1.85,2.06,2.02,2.04,3.48,4.0
GER2,2012/13,2013-02-23,FC Koln,Union Berlin,2,0,H,1,0,H,2.0,3.4,3.75,2.0,3.4,3.5,2.0,3.4,3.5,1.9,3.45,3.8,2.0,3.3,3.4,2.04,3.58,3.99,2.0,3.3,3.5,2.0,3.3,3.6,2.0,3.5,3.9,2.0,3.3,3.6,36,2.1,2.0,3.58,3.32,3.99,3.62,34,2.0,1.9,2.0,1.87,17,-0.25,1.78,1.74,2.2,2.14,1.79,3.72,5.13
GER2,2012/13,2013-02-23,Ingolstadt,Dresden,1,1,D,1,0,H,2.1,3.4,3.4,2.05,3.25,3.5,2.05,3.25,3.5,2.0,3.3,3.6,1.9,3.4,3.6,2.12,3.41,3.77,2.1,3.1,3.4,2.1,3.3,3.4,2.15,3.3,3.7,2.1,3.3,3.3,35,2.18,2.08,3.41,3.27,3.77,3.45,33,2.25,2.13,1.8,1.68,16,-0.25,1.86,1.82,2.11,2.06,2.18,3.41,3.66
GER2,2012/13,2013-02-24,Braunschweig,Munich 1860,1,2,A,0,0,D,1.83,3.5,4.33,1.87,3.4,4.0,1.87,3.4,4.0,1.8,3.5,4.2,1.8,3.4,4.0,1.88,3.55,4.62,1.83,3.2,4.2,1.83,3.4,4.33,1.87,3.5,4.6,1.83,3.4,4.0,36,1.92,1.86,3.6,3.37,4.75,4.09,34,2.25,2.12,1.8,1.69,17,-0.75,2.25,2.15,1.8,1.74,1.76,3.74,5.3
GER2,2012/13,2013-02-24,Cottbus,Regensburg,1,1,D,0,1,A,1.62,3.75,5.5,1.62,3.8,5.0,1.62,3.8,5.0,1.55,3.9,5.6,1.61,3.6,5.0,1.67,3.84,5.84,1.67,3.5,4.75,1.62,3.75,5.0,1.67,3.8,5.75,1.67,3.6,5.0,36,1.76,1.65,4.15,3.62,5.8,5.14,34,2.11,2.02,1.87,1.77,17,-0.75,2.01,1.95,2.02,1.93,1.78,3.65,5.27
GER2,2012/13,2013-02-24,Sandhausen,Paderborn,1,3,A,1,0,H,2.75,3.3,2.5,2.55,3.35,2.55,2.55,3.35,2.55,2.55,3.3,2.55,2.7,3.2,2.4,2.84,3.4,2.6,2.62,3.2,2.5,2.75,3.2,2.5,2.8,3.4,2.55,2.75,3.2,2.5,35,2.85,2.71,3.4,3.21,2.68,2.51,34,2.06,1.98,1.94,1.8,18,0.0,2.06,2.0,1.9,1.84,2.77,3.38,2.72
GER2,2012/13,2013-02-25,Hertha,Kaiserslautern,1,0,H,0,0,D,1.85,3.5,4.2,1.85,3.4,4.1,1.85,3.4,4.1,1.8,3.5,4.2,1.8,3.4,4.0,1.89,3.62,4.42,1.8,3.4,4.0,1.9,3.4,4.0,1.87,3.6,4.4,1.83,3.5,4.0,36,1.9,1.83,3.65,3.43,4.6,4.12,34,2.18,2.04,1.85,1.75,17,-0.75,2.18,2.1,1.82,1.78,1.89,3.44,4.88
GER2,2012/13,2013-03-01,Paderborn,Cottbus,0,1,A,0,0,D,2.25,3.25,3.25,2.15,3.25,3.25,2.15,3.25,3.25,2.15,3.3,3.2,2.15,3.25,3.2,2.23,3.49,3.45,2.25,3.2,3.0,2.2,3.3,3.2,2.2,3.4,3.4,2.2,3.3,3.1,39,2.25,2.18,3.51,3.31,3.55,3.22,38,2.15,2.02,1.89,1.77,21,-0.25,1.95,1.89,2.02,1.97,2.37,3.46,3.18
GER2,2012/13,2013-03-01,Regensburg,Sandhausen,1,3,A,1,2,A,2.0,3.4,3.75,2.1,3.3,3.3,2.1,3.3,3.3,2.15,3.3,3.2,2.15,3.25,3.2,2.1,3.54,3.75,2.15,3.2,3.2,2.1,3.3,3.4,2.1,3.4,3.6,2.15,3.3,3.2,39,2.2,2.09,3.6,3.34,3.75,3.41,38,2.09,2.0,1.89,1.78,21,-0.25,1.9,1.8,2.12,2.08,2.14,3.55,3.62
GER2,2012/13,2013-03-01,Union Berlin,Erzgebirge Aue,3,0,H,2,0,H,1.8,3.5,4.5,1.72,3.6,4.5,1.72,3.6,4.5,1.7,3.6,4.7,1.72,3.5,4.5,1.81,3.78,4.83,1.73,3.5,4.5,1.73,3.5,5.0,1.8,3.75,4.5,1.73,3.5,4.75,39,1.81,1.75,3.8,3.55,5.0,4.58,38,2.0,1.92,1.99,1.86,21,-0.75,2.1,1.99,1.91,1.88,1.81,3.74,4.87
GER2,2012/13,2013-03-02,Dresden,Hertha,1,0,H,1,0,H,5.0,3.5,1.73,4.75,3.5,1.72,4.75,3.5,1.72,4.7,3.6,1.7,5.0,3.4,1.7,5.06,3.74,1.77,4.6,3.5,1.7,4.8,3.5,1.73,5.0,3.7,1.75,4.75,3.5,1.7,36,5.4,4.81,3.75,3.51,1.77,1.71,35,2.12,1.99,1.91,1.79,18,0.75,1.95,1.89,2.03,1.98,5.87,3.88,1.69
GER2,2012/13,2013-03-02,Kaiserslautern,Bochum,0,0,D,0,0,D,1.5,3.8,7.5,1.55,3.9,5.5,1.55,3.9,5.5,1.5,4.0,6.1,1.53,3.75,6.0,1.57,4.13,6.63,1.53,3.75,6.0,1.5,3.8,6.5,1.53,4.0,7.5,1.5,3.75,7.0,37,1.6,1.52,4.2,3.79,7.5,6.48,36,1.98,1.89,2.0,1.88,20,-1.0,2.01,1.95,1.95,1.91,1.54,4.25,7.11
GER2,2012/13,2013-03-03,Aalen,St Pauli,0,1,A,0,0,D,2.4,3.1,3.1,2.35,3.25,2.9,2.35,3.25,2.9,2.3,3.3,2.9,2.4,3.1,2.87,2.35,3.25,3.36,2.45,2.9,3.0,2.38,3.2,3.0,2.38,3.2,3.3,2.4,3.2,2.88,37,2.47,2.37,3.3,3.15,3.36,2.97,29,2.42,2.26,1.67,1.57,19,-0.25,2.1,2.05,1.88,1.82,2.43,3.27,3.25
GER2,2012/13,2013-03-03,Frankfurt FSV,FC Koln,1,1,D,0,0,D,3.5,3.1,2.2,3.2,3.3,2.15,3.2,3.3,2.15,2.9,3.3,2.3,2.9,3.25,2.3,3.63,3.35,2.19,3.0,3.2,2.25,3.2,3.25,2.2,3.6,3.3,2.2,3.0,3.25,2.3,37,3.63,3.19,3.35,3.24,2.3,2.21,36,2.25,2.13,1.77,1.68,19,0.25,2.03,1.98,2.0,1.9,3.72,3.45,2.14
GER2,2012/13,2013-03-03,Munich 1860,Ingolstadt,1,1,D,1,0,H,1.8,3.4,4.75,1.85,3.4,4.1,1.85,3.4,4.1,1.85,3.45,4.0,1.8,3.4,4.33,1.83,3.62,4.83,1.85,3.2,4.2,1.83,3.4,4.33,1.8,3.5,4.8,1.8,3.5,4.2,36,1.9,1.82,3.62,3.39,5.0,4.34,30,2.26,2.16,1.76,1.65,17,-0.5,1.9,1.82,2.1,2.04,1.93,3.59,4.4
GER2,2012/13,2013-03-04,Duisburg,Braunschweig,1,0,H,0,0,D,3.25,3.25,2.25,3.5,3.25,2.05,3.5,3.25,2.05,3.2,3.2,2.2,3.5,3.25,2.05,3.57,3.41,2.19,3.3,3.2,2.1,,,,3.5,3.3,2.2,3.4,3.25,2.1,36,3.6,3.32,3.41,3.24,2.25,2.15,34,2.19,2.07,1.8,1.72,18,0.25,2.03,1.97,1.94,1.9,3.05,3.35,2.5
GER2,2012/13,2013-03-08,Frankfurt FSV,Aalen,6,1,H,3,0,H,2.4,3.3,2.9,2.35,3.2,2.9,2.35,3.2,2.9,2.3,3.1,3.1,2.25,3.3,3.0,2.52,3.29,3.08,2.3,3.2,2.9,2.38,3.25,2.88,2.5,3.3,3.0,2.3,3.2,3.0,38,2.49,2.38,3.35,3.21,3.13,2.96,32,2.38,2.28,1.68,1.6,21,0.0,1.81,1.75,2.2,2.11,2.7,3.25,2.88
GER2,2012/13,2013-03-08,Sandhausen,Munich 1860,0,1,A,0,0,D,3.4,3.2,2.2,3.1,3.3,2.2,3.1,3.3,2.2,3.1,3.3,2.2,3.1,3.25,2.2,3.37,3.52,2.25,3.0,3.2,2.25,3.25,3.3,2.2,3.3,3.4,2.25,3.1,3.2,2.25,38,3.62,3.27,3.53,3.3,2.25,2.18,34,2.02,1.93,1.92,1.85,20,0.25,2.04,2.01,1.9,1.86,3.09,3.44,2.43
GER2,2012/13,2013-03-08,St Pauli,Regensburg,3,2,H,1,1,D,1.67,3.75,5.0,1.6,3.9,5.0,1.6,3.9,5.0,1.6,3.9,5.0,1.61,3.5,5.5,1.67,4.06,5.58,1.62,3.6,5.0,1.67,3.75,5.0,1.65,4.0,5.75,1.62,3.75,5.4,38,1.68,1.63,4.15,3.74,5.6,5.3,34,2.0,1.91,1.95,1.87,22,-1.0,2.19,2.13,1.81,1.74,1.66,4.11,5.55
GER2,2012/13,2013-03-09,Cottbus,Union Berlin,2,1,H,1,1,D,2.3,3.4,3.0,2.25,3.2,3.1,2.25,3.2,3.1,2.15,3.3,3.2,2.25,3.25,3.0,2.44,3.32,3.14,2.3,3.2,2.9,2.38,3.3,3.0,2.38,3.4,3.1,2.38,3.2,2.88,36,2.44,2.32,3.4,3.23,3.2,2.99,32,2.15,2.06,1.83,1.73,18,-0.25,2.1,2.06,1.87,1.82,2.39,3.37,3.22
GER2,2012/13,2013-03-09,FC Koln,Paderborn,3,0,H,1,0,H,1.57,4.0,5.5,1.6,3.9,5.0,1.6,3.9,5.0,1.65,3.6,5.1,1.61,3.5,5.5,1.6,4.06,6.36,1.57,3.8,5.0,1.57,3.8,6.0,1.57,4.0,6.5,1.53,4.0,5.5,36,1.65,1.58,4.2,3.78,6.36,5.62,32,2.03,1.94,1.96,1.84,20,-1.0,2.08,2.02,1.92,1.84,1.56,4.12,7.0
GER2,2012/13,2013-03-10,Erzgebirge Aue,Dresden,1,0,H,1,0,H,2.2,3.4,3.2,2.25,3.3,3.0,2.25,3.3,3.0,2.25,3.2,3.1,2.2,3.25,3.1,2.3,3.34,3.38,2.15,3.25,3.1,2.2,3.3,3.25,2.25,3.4,3.3,2.2,3.2,3.2,35,2.3,2.23,3.4,3.24,3.4,3.14,31,2.25,2.11,1.81,1.69,17,-0.25,1.98,1.94,1.96,1.93,2.48,3.32,3.13
GER2,2012/13,2013-03-10,Hertha,Duisburg,4,2,H,2,0,H,1.36,4.75,8.0,1.33,5.0,7.75,1.33,5.0,7.75,1.37,4.6,7.5,1.36,4.5,8.0,1.43,4.81,8.3,1.36,4.2,8.0,1.4,4.5,7.5,1.4,4.75,8.5,1.4,4.2,8.0,36,1.42,1.38,4.85,4.43,9.0,8.0,32,1.89,1.79,2.12,2.0,18,-1.25,2.02,1.97,1.94,1.9,1.48,4.59,7.68
GER2,2012/13,2013-03-10,Ingolstadt,Bochum,2,1,H,0,0,D,2.1,3.4,3.4,2.15,3.25,3.25,2.15,3.25,3.25,2.1,3.3,3.3,2.1,3.3,3.25,2.16,3.36,3.7,2.15,3.1,3.25,2.1,3.3,3.4,2.15,3.4,3.5,2.15,3.25,3.25,36,2.24,2.14,3.4,3.26,3.7,3.31,32,2.2,2.09,1.8,1.71,18,-0.25,1.92,1.87,2.06,2.0,2.24,3.4,3.5
GER2,2012/13,2013-03-11,Braunschweig,Kaiserslautern,1,1,D,0,1,A,2.2,3.3,3.25,2.25,3.2,3.1,2.25,3.2,3.1,2.2,3.2,3.2,2.25,3.25,3.0,2.27,3.34,3.44,2.25,3.25,2.9,,,,2.3,3.3,3.3,2.3,3.2,3.0,35,2.3,2.23,3.35,3.2,3.45,3.17,30,2.28,2.18,1.75,1.66,17,-0.25,2.01,1.97,1.96,1.9,2.43,3.29,3.27
GER2,2012/13,2013-03-15,Duisburg,Cottbus,2,1,H,1,0,H,2.5,3.2,2.88,2.3,3.3,2.9,2.3,3.3,2.9,2.5,3.3,2.65,2.4,3.2,2.8,2.62,3.29,2.95,2.38,3.0,2.9,2.4,3.2,2.88,2.55,3.2,2.9,2.4,3.2,2.88,38,2.67,2.49,3.35,3.21,2.95,2.8,33,2.34,2.2,1.75,1.64,21,0.0,1.88,1.83,2.07,2.01,2.6,3.38,2.9
GER2,2012/13,2013-03-15,Paderborn,Frankfurt FSV,3,0,H,1,0,H,2.3,3.2,3.2,2.3,3.25,2.95,2.3,3.25,2.95,2.3,3.2,3.0,2.25,3.25,3.0,2.37,3.34,3.29,2.25,3.2,3.0,2.3,3.3,3.0,2.38,3.4,3.12,2.3,3.3,3.0,38,2.41,2.3,3.4,3.29,3.4,3.03,35,2.04,1.98,1.92,1.81,21,0.0,1.73,1.68,2.28,2.21,2.27,3.39,3.45
GER2,2012/13,2013-03-15,Union Berlin,St Pauli,4,2,H,2,1,H,1.91,3.4,4.0,1.95,3.3,3.8,1.95,3.3,3.8,2.05,3.3,3.5,1.9,3.4,3.75,2.01,3.48,4.16,1.91,3.4,3.6,1.95,3.4,3.8,1.92,3.5,4.2,2.0,3.3,3.6,38,2.05,1.9,3.66,3.42,4.5,3.97,35,2.15,2.06,1.83,1.74,20,-0.75,2.22,2.17,1.76,1.72,1.97,3.41,4.45
GER2,2012/13,2013-03-16,Bochum,Braunschweig,0,1,A,0,0,D,3.1,3.4,2.25,3.0,3.3,2.25,3.0,3.3,2.25,3.0,3.2,2.3,3.0,3.25,2.25,3.21,3.37,2.37,2.88,3.2,2.3,3.0,3.3,2.3,3.2,3.4,2.3,3.0,3.25,2.3,36,3.3,3.03,3.4,3.25,2.4,2.29,33,2.12,2.02,1.83,1.77,18,0.25,1.89,1.86,2.04,2.01,2.98,3.37,2.54
GER2,2012/13,2013-03-16,Munich 1860,Hertha,0,0,D,0,0,D,3.4,3.4,2.1,3.3,3.3,2.1,3.3,3.3,2.1,3.3,3.3,2.1,3.5,3.3,2.0,3.71,3.39,2.15,3.4,3.1,2.1,3.3,3.4,2.1,3.7,3.3,2.15,3.4,3.25,2.1,36,3.65,3.38,3.4,3.24,2.2,2.12,25,2.3,2.13,1.75,1.66,18,0.25,2.09,2.04,1.9,1.84,3.05,3.21,2.61
GER2,2012/13,2013-03-17,Aalen,Sandhausen,2,2,D,1,0,H,1.83,3.5,4.33,1.87,3.4,4.0,1.87,3.4,4.0,2.0,3.4,3.5,1.83,3.4,4.0,1.93,3.59,4.3,1.83,3.25,4.2,1.83,3.4,4.33,1.87,3.5,4.4,1.83,3.4,4.2,36,2.0,1.85,3.65,3.4,4.65,4.13,33,2.1,2.01,1.86,1.78,18,-0.75,2.22,2.15,1.8,1.74,1.95,3.45,4.48
GER2,2012/13,2013-03-17,Kaiserslautern,Ingolstadt,3,0,H,1,0,H,1.57,3.8,6.0,1.6,3.8,5.25,1.6,3.8,5.25,1.7,3.6,4.7,1.57,3.75,5.5,1.63,3.88,6.25,1.53,3.6,6.0,1.57,3.75,6.0,1.6,3.8,6.25,1.57,3.6,6.0,36,1.7,1.58,3.9,3.69,6.8,5.8,33,2.24,2.09,1.82,1.71,20,-1.0,2.18,2.1,1.81,1.76,1.72,3.74,5.62
GER2,2012/13,2013-03-17,Regensburg,Erzgebirge Aue,1,1,D,1,1,D,2.5,3.3,2.75,2.45,3.25,2.75,2.45,3.25,2.75,2.55,3.4,2.55,2.5,3.2,2.7,2.55,3.37,2.93,2.4,3.2,2.75,2.5,3.2,2.8,2.5,3.3,2.9,2.5,3.2,2.75,36,2.58,2.48,3.4,3.23,2.95,2.75,33,2.18,2.08,1.8,1.72,19,0.0,1.85,1.81,2.1,2.03,2.38,3.39,3.25
GER2,2012/13,2013-03-18,Dresden,FC Koln,0,2,A,0,0,D,3.5,3.25,2.1,3.6,3.3,2.0,3.6,3.3,2.0,3.2,3.3,2.15,3.4,3.3,2.05,3.61,3.38,2.19,3.25,3.1,2.15,3.3,3.25,2.2,3.6,3.3,2.15,3.2,3.2,2.2,35,3.75,3.41,3.45,3.27,2.2,2.1,27,2.24,2.12,1.76,1.67,16,0.5,1.81,1.76,2.19,2.11,3.31,3.43,2.34
GER2,2012/13,2013-03-28,Braunschweig,Dresden,2,1,H,1,1,D,1.7,3.8,5.4,1.65,3.8,4.75,1.65,3.8,4.75,1.7,3.6,4.7,1.67,3.5,5.0,1.69,3.95,5.31,1.67,3.5,4.75,1.67,3.75,5.0,1.67,3.8,5.0,1.67,3.75,4.75,33,1.7,1.67,4.0,3.69,5.8,5.01,33,2.09,1.98,1.9,1.8,20,-1.0,2.26,2.21,1.77,1.69,1.67,3.94,5.81
GER2,2012/13,2013-03-28,Cottbus,Aalen,1,1,D,0,0,D,2.0,3.4,4.1,1.91,3.2,4.1,1.91,3.2,4.1,1.85,3.45,4.0,1.91,3.4,3.75,2.0,3.39,4.22,1.91,3.25,3.75,2.0,3.25,3.8,2.0,3.3,3.8,2.0,3.2,3.75,34,2.05,1.97,3.45,3.31,4.25,3.84,32,2.38,2.23,1.72,1.63,19,-0.25,1.72,1.71,2.26,2.2,1.97,3.51,4.32
GER2,2012/13,2013-03-28,Erzgebirge Aue,Munich 1860,0,1,A,0,1,A,3.2,3.25,2.38,3.0,3.2,2.3,3.0,3.2,2.3,2.75,3.3,2.4,2.88,3.2,2.38,3.22,3.37,2.38,2.88,3.2,2.3,3.0,3.2,2.38,3.2,3.2,2.3,3.1,3.2,2.25,34,3.35,3.02,3.37,3.22,2.4,2.33,31,2.4,2.27,1.68,1.6,20,0.0,2.33,2.23,1.7,1.67,3.11,3.24,2.52
GER2,2012/13,2013-03-30,Hertha,Bochum,2,0,H,1,0,H,1.4,4.5,8.0,1.4,4.75,6.5,1.4,4.75,6.5,1.43,4.1,7.3,1.4,4.33,7.0,1.42,4.73,8.85,1.4,4.2,6.0,1.4,4.5,7.0,1.44,4.6,8.0,1.4,4.5,7.0,34,1.45,1.41,5.1,4.38,8.85,7.28,31,1.86,1.77,2.15,2.02,18,-1.0,1.75,1.72,2.28,2.17,1.47,4.67,7.55
GER2,2012/13,2013-03-30,Ingolstadt,Duisburg,0,1,A,0,1,A,2.2,3.3,3.25,2.15,3.25,3.25,2.15,3.25,3.25,2.2,3.3,3.1,2.2,3.3,3.1,2.42,3.3,3.18,2.2,3.1,2.87,2.25,3.2,3.2,2.38,3.3,3.2,2.3,3.2,3.0,34,2.42,2.28,3.3,3.2,3.35,3.1,24,2.25,2.15,1.75,1.65,18,0.0,1.73,1.68,2.28,2.21,2.4,3.47,3.1
GER2,2012/13,2013-03-31,FC Koln,Regensburg,2,1,H,1,0,H,1.33,5.5,8.0,1.36,5.25,6.5,1.36,5.25,6.5,1.35,4.8,7.6,1.36,4.5,8.0,1.35,5.2,10.71,1.33,4.33,7.0,1.36,5.0,8.0,1.33,5.2,9.5,1.33,4.75,8.5,34,1.36,1.33,5.6,4.88,10.71,8.48,31,1.78,1.71,2.22,2.09,18,-1.5,2.14,2.07,1.85,1.8,1.44,4.9,7.8
GER2,2012/13,2013-03-31,Frankfurt FSV,Union Berlin,3,0,H,2,0,H,2.5,3.4,2.7,2.45,3.3,2.7,2.45,3.3,2.7,2.55,3.3,2.6,2.5,3.2,2.7,2.65,3.47,2.74,2.6,3.1,2.6,2.63,3.2,2.63,2.7,3.4,2.62,2.75,3.2,2.5,34,2.75,2.6,3.45,3.24,2.75,2.63,31,2.0,1.89,2.0,1.88,18,0.0,1.98,1.93,1.99,1.91,2.85,3.47,2.59
GER2,2012/13,2013-03-31,Sandhausen,Kaiserslautern,1,1,D,0,1,A,4.75,3.6,1.73,4.6,3.3,1.78,4.6,3.3,1.78,3.8,3.45,1.9,3.75,3.4,1.9,4.98,3.74,1.78,3.6,3.3,1.83,4.33,3.4,1.83,5.0,3.6,1.8,4.0,3.4,1.83,34,5.1,4.39,3.75,3.47,1.9,1.79,25,2.25,2.12,1.76,1.67,16,0.5,2.19,2.12,1.81,1.77,4.84,3.91,1.78
GER2,2012/13,2013-04-01,St Pauli,Paderborn,2,2,D,0,0,D,2.0,3.4,3.75,2.0,3.3,3.6,2.0,3.3,3.6,1.9,3.45,3.8,2.0,3.3,3.5,2.04,3.39,4.06,2.0,3.2,3.2,2.0,3.4,3.6,2.05,3.4,3.9,2.0,3.4,3.5,34,2.1,2.01,3.5,3.32,4.06,3.59,31,2.02,1.93,1.91,1.84,16,-0.5,2.05,2.01,1.89,1.86,2.06,3.41,4.04
GER2,2012/13,2013-04-05,Aalen,Ingolstadt,2,1,H,1,1,D,2.25,3.25,3.2,2.25,3.3,3.0,2.25,3.3,3.0,2.1,3.2,3.4,2.25,3.25,2.9,2.38,3.35,3.26,,,,2.3,3.2,3.13,2.38,3.25,3.3,2.15,3.2,3.3,38,2.3,2.24,3.4,3.21,3.62,3.19,32,2.35,2.25,1.74,1.62,21,0.0,1.62,1.57,2.56,2.41,2.27,3.21,3.66
GER2,2012/13,2013-04-05,Bochum,Erzgebirge Aue,0,3,A,0,3,A,2.0,3.4,3.75,2.0,3.4,3.5,2.0,3.4,3.5,2.0,3.3,3.6,2.0,3.3,3.4,2.02,3.56,4.02,,,,2.0,3.3,3.75,2.0,3.5,3.9,2.0,3.3,3.6,38,2.0,1.92,3.5,3.37,4.64,3.98,34,2.12,2.02,1.84,1.78,20,-0.25,1.68,1.64,2.4,2.32,1.9,3.5,4.68
GER2,2012/13,2013-04-05,Kaiserslautern,FC Koln,3,0,H,1,0,H,2.3,3.2,3.2,2.2,3.3,3.1,2.2,3.3,3.1,2.3,3.2,3.0,2.2,3.25,3.0,2.48,3.32,3.12,,,,2.2,3.25,3.2,2.45,3.3,3.0,2.25,3.2,3.1,38,2.45,2.31,3.41,3.25,3.45,3.02,32,2.25,2.08,1.97,1.73,19,0.0,1.73,1.69,2.28,2.18,2.45,3.41,3.09
GER2,2012/13,2013-04-06,Dresden,St Pauli,3,2,H,0,0,D,2.4,3.3,2.88,2.45,3.3,2.7,2.45,3.3,2.7,2.25,3.3,3.0,2.5,3.2,2.62,2.45,3.34,3.1,2.4,3.0,2.87,2.5,3.25,2.75,2.45,3.3,3.0,2.4,3.2,2.88,36,2.55,2.41,3.35,3.21,3.1,2.85,26,2.26,2.13,1.75,1.67,19,0.0,1.78,1.73,2.23,2.13,2.21,3.41,3.56
GER2,2012/13,2013-04-06,Regensburg,Frankfurt FSV,1,4,A,0,0,D,2.55,3.3,2.7,2.55,3.4,2.55,2.55,3.4,2.55,2.5,3.4,2.57,2.5,3.2,2.62,2.72,3.45,2.69,2.6,3.1,2.6,2.63,3.2,2.63,2.7,3.4,2.62,2.6,3.1,2.7,36,2.72,2.6,3.45,3.22,2.78,2.62,32,2.0,1.92,1.96,1.87,19,0.0,1.99,1.92,1.96,1.92,2.66,3.53,2.72
GER2,2012/13,2013-04-07,Duisburg,Sandhausen,2,1,H,1,1,D,1.75,3.75,4.5,1.65,3.75,4.75,1.65,3.75,4.75,1.75,3.5,4.5,1.75,3.4,4.33,1.83,3.77,4.56,1.8,3.4,4.0,1.8,3.75,4.33,1.8,3.75,4.6,1.75,3.5,4.5,36,1.83,1.76,3.8,3.56,4.63,4.41,32,1.98,1.88,2.02,1.91,18,-0.75,2.11,2.04,1.87,1.83,1.7,3.7,5.95
GER2,2012/13,2013-04-07,Munich 1860,Cottbus,1,1,D,0,0,D,2.0,3.4,3.75,1.95,3.3,3.75,1.95,3.3,3.75,1.9,3.6,3.6,1.9,3.3,3.75,2.06,3.32,4.11,1.95,3.1,3.8,1.95,3.4,3.75,2.05,3.4,4.0,1.95,3.3,3.75,36,2.08,1.99,3.6,3.29,4.11,3.72,24,2.5,2.29,1.69,1.57,18,-0.25,1.78,1.75,2.21,2.14,1.85,3.51,5.03
GER2,2012/13,2013-04-07,Paderborn,Union Berlin,1,1,D,0,1,A,2.6,3.3,2.63,2.5,3.2,2.7,2.5,3.2,2.7,2.3,3.3,2.9,2.37,3.25,2.7,2.63,3.46,2.77,2.5,3.2,2.62,2.5,3.25,2.8,2.62,3.4,2.7,2.6,3.1,2.7,36,2.66,2.52,3.46,3.2,2.9,2.73,32,1.96,1.87,2.04,1.91,19,0.0,1.94,1.88,2.01,1.96,2.77,3.49,2.65
GER2,2012/13,2013-04-08,Hertha,Braunschweig,3,0,H,1,0,H,1.75,3.6,4.6,1.85,3.5,3.9,1.85,3.5,3.9,1.85,3.45,4.0,1.83,3.5,3.75,1.81,3.56,5.12,1.8,3.25,4.4,1.8,3.5,4.5,1.8,3.5,4.8,1.83,3.4,4.2,35,1.85,1.8,3.65,3.42,5.12,4.38,25,2.32,2.19,1.71,1.64,18,-0.75,2.16,2.1,1.86,1.77,1.76,3.52,5.92
GER2,2012/13,2013-04-12,Ingolstadt,Hertha,1,1,D,1,0,H,4.75,3.4,1.8,4.5,3.5,1.75,4.5,3.5,1.75,4.3,3.4,1.8,4.5,3.5,1.72,5.17,3.7,1.78,4.5,3.4,1.75,4.8,3.4,1.73,5.0,3.6,1.75,4.5,3.5,1.75,39,5.2,4.62,3.7,3.5,1.83,1.77,36,2.2,2.09,1.87,1.73,21,0.75,1.92,1.88,2.04,2.0,4.54,3.4,1.96
GER2,2012/13,2013-04-12,Sandhausen,Braunschweig,1,3,A,0,2,A,4.0,3.4,1.91,3.8,3.4,1.91,3.8,3.4,1.91,3.8,3.45,1.9,4.0,3.4,1.83,4.04,3.48,2.04,3.8,3.3,1.91,3.8,3.3,1.95,3.8,3.4,2.05,4.0,3.3,1.91,39,4.2,3.87,3.5,3.33,2.07,1.96,36,2.1,2.01,1.88,1.79,20,0.5,1.88,1.85,2.07,2.02,3.95,3.5,2.04
GER2,2012/13,2013-04-12,Union Berlin,Dresden,0,0,D,0,0,D,1.95,3.5,3.75,1.9,3.6,3.6,1.9,3.6,3.6,2.1,3.3,3.3,1.9,3.4,3.75,2.02,3.63,3.93,1.91,3.3,3.75,1.95,3.4,3.75,2.0,3.6,3.75,2.0,3.4,3.6,39,2.1,1.97,3.7,3.4,4.08,3.73,36,1.91,1.82,2.15,1.98,21,-0.25,1.75,1.72,2.25,2.18,1.95,3.62,4.21
GER2,2012/13,2013-04-13,Frankfurt FSV,Duisburg,1,1,D,1,1,D,2.15,3.4,3.3,2.1,3.3,3.3,2.1,3.3,3.3,2.0,3.4,3.5,2.1,3.3,3.3,2.13,3.5,3.64,2.1,3.25,3.25,2.1,3.3,3.25,2.15,3.5,3.5,2.15,3.3,3.2,37,2.2,2.1,3.5,3.32,3.65,3.33,34,2.01,1.93,1.95,1.85,19,-0.25,1.9,1.85,2.08,2.03,2.45,3.37,3.12
GER2,2012/13,2013-04-13,St Pauli,Munich 1860,3,1,H,1,0,H,2.6,3.25,2.7,2.6,3.2,2.6,2.6,3.2,2.6,2.6,3.2,2.6,2.4,3.25,2.75,2.59,3.3,2.93,2.45,3.2,2.7,2.5,3.2,2.75,2.6,3.3,2.88,2.5,3.2,2.75,37,2.7,2.55,3.3,3.19,2.93,2.71,25,2.2,2.1,1.78,1.67,20,0.0,1.87,1.84,2.08,2.0,2.41,3.38,3.19
GER2,2012/13,2013-04-14,Cottbus,Bochum,0,2,A,0,0,D,1.91,3.3,4.2,1.95,3.3,3.75,1.95,3.3,3.75,2.0,3.4,3.5,1.9,3.4,3.75,2.06,3.41,3.98,2.0,3.2,3.6,2.0,3.3,3.6,2.05,3.4,3.9,2.0,3.3,3.6,36,2.08,2.0,3.5,3.29,4.2,3.68,27,2.2,2.1,1.8,1.69,19,-0.25,1.78,1.75,2.2,2.15,2.25,3.35,3.56
GER2,2012/13,2013-04-14,FC Koln,Aalen,1,0,H,0,0,D,1.57,3.8,6.0,1.55,3.9,5.5,1.55,3.9,5.5,1.45,4.0,7.0,1.53,3.75,6.0,1.57,4.09,6.71,1.57,3.75,5.5,1.53,3.8,5.8,1.57,4.0,6.25,1.53,3.75,6.0,36,1.58,1.54,4.2,3.83,7.0,6.01,33,2.05,1.96,1.94,1.82,21,-1.0,2.07,2.02,1.91,1.85,1.47,4.62,7.75
GER2,2012/13,2013-04-14,Paderborn,Regensburg,0,0,D,0,0,D,1.8,3.6,4.33,1.78,3.6,4.2,1.78,3.6,4.2,1.75,3.5,4.5,1.75,3.5,4.33,1.83,3.79,4.53,1.8,3.5,4.0,1.8,3.5,4.33,1.8,3.75,4.5,1.8,3.5,4.2,36,1.85,1.8,3.85,3.51,4.6,4.26,33,1.92,1.83,2.08,1.95,19,-0.75,2.08,2.05,1.85,1.83,1.65,4.17,5.61
GER2,2012/13,2013-04-15,Erzgebirge Aue,Kaiserslautern,1,1,D,0,1,A,3.5,3.25,2.1,3.3,3.3,2.1,3.3,3.3,2.1,3.6,3.3,2.0,3.3,3.25,2.1,3.91,3.33,2.11,3.6,3.1,2.05,3.5,3.25,2.05,3.75,3.3,2.1,3.4,3.25,2.1,32,3.91,3.49,3.35,3.24,2.15,2.08,23,2.36,2.2,1.7,1.61,18,0.25,2.11,2.07,1.85,1.81,4.07,3.38,2.06
GER2,2012/13,2013-04-19,Aalen,Union Berlin,3,0,H,2,0,H,2.38,3.3,2.9,2.45,3.3,2.7,2.45,3.3,2.7,2.5,3.3,2.65,2.5,3.25,2.62,2.44,3.4,3.11,2.5,3.2,2.62,2.38,3.2,2.88,2.5,3.3,2.9,2.4,3.2,2.8,38,2.55,2.42,3.4,3.24,3.16,2.87,35,2.06,1.98,1.91,1.81,21,0.0,1.75,1.7,2.28,2.17,2.42,3.41,3.15
GER2,2012/13,2013-04-19,Bochum,St Pauli,3,0,H,2,0,H,2.15,3.4,3.25,2.1,3.3,3.3,2.1,3.3,3.3,2.2,3.3,3.1,2.2,3.25,3.1,2.29,3.45,3.35,2.2,3.3,3.0,2.1,3.3,3.4,2.3,3.4,3.12,2.25,3.3,3.0,38,2.3,2.16,3.55,3.34,3.6,3.26,35,1.95,1.85,2.06,1.94,20,-0.25,1.86,1.84,2.08,2.03,2.11,3.56,3.7
GER2,2012/13,2013-04-19,Regensburg,Ingolstadt,1,2,A,1,2,A,3.3,3.25,2.2,2.9,3.3,2.3,2.9,3.3,2.3,2.75,3.3,2.4,2.87,3.3,2.29,3.4,3.42,2.28,3.0,3.1,2.3,3.13,3.25,2.2,3.3,3.3,2.25,2.88,3.2,2.38,38,3.44,3.09,3.47,3.3,2.4,2.26,35,2.1,1.99,1.91,1.81,20,0.25,2.01,1.96,1.96,1.91,3.27,3.43,2.34
GER2,2012/13,2013-04-20,Kaiserslautern,Paderborn,3,0,H,1,0,H,1.44,4.2,7.5,1.5,4.2,5.75,1.5,4.2,5.75,1.4,4.6,6.8,1.5,4.0,6.0,1.46,4.57,8.02,1.5,3.8,6.0,1.44,4.0,7.0,1.5,4.4,7.0,1.5,4.0,6.0,33,1.5,1.47,4.65,4.08,8.02,6.67,33,1.9,1.82,2.08,1.96,20,-1.0,1.85,1.81,2.18,2.05,1.43,4.72,8.85
GER2,2012/13,2013-04-20,Munich 1860,Frankfurt FSV,1,2,A,0,2,A,1.91,3.4,4.0,1.91,3.4,3.8,1.91,3.4,3.8,2.0,3.3,3.6,1.9,3.4,3.75,1.94,3.57,4.26,1.91,3.3,3.8,1.9,3.4,3.8,1.9,3.5,4.3,1.95,3.4,3.6,36,2.0,1.91,3.6,3.41,4.5,3.84,33,2.17,2.04,1.84,1.74,18,-0.25,1.67,1.64,2.35,2.3,1.89,3.52,4.7
GER2,2012/13,2013-04-21,Braunschweig,Erzgebirge Aue,1,1,D,1,0,H,1.53,4.0,6.0,1.45,4.2,6.5,1.45,4.2,6.5,1.55,3.9,5.6,1.5,3.8,6.5,1.53,4.19,7.25,1.5,3.6,6.5,1.5,3.75,7.0,1.53,4.1,7.0,1.5,3.8,6.5,36,1.57,1.51,4.25,3.85,7.25,6.45,33,2.05,1.97,1.9,1.81,20,-1.0,1.97,1.92,2.02,1.94,1.51,4.38,7.37
GER2,2012/13,2013-04-21,Dresden,Cottbus,1,0,H,0,0,D,2.0,3.5,3.6,1.91,3.4,3.8,1.91,3.4,3.8,1.9,3.5,3.7,2.0,3.3,3.5,2.06,3.45,3.93,2.0,3.2,3.6,2.0,3.4,3.6,2.05,3.5,3.9,1.95,3.5,3.5,36,2.1,2.01,3.5,3.37,3.93,3.55,33,2.21,2.09,1.82,1.72,18,-0.25,1.81,1.76,2.17,2.12,1.96,3.57,4.25
GER2,2012/13,2013-04-21,Hertha,Sandhausen,1,0,H,0,0,D,1.25,6.0,10.0,1.22,6.5,9.5,1.22,6.5,9.5,1.27,5.2,10.0,1.28,5.0,9.0,1.31,5.8,10.84,1.28,5.0,8.5,1.27,5.5,9.0,1.29,6.0,11.5,1.29,5.5,8.5,36,1.31,1.28,6.2,5.48,11.0,9.41,25,1.62,1.58,2.52,2.28,20,-1.5,1.88,1.84,2.1,2.01,1.19,7.82,17.82
GER2,2012/13,2013-04-22,Duisburg,FC Koln,1,1,D,0,1,A,3.5,3.3,2.1,3.25,3.25,2.15,3.25,3.25,2.15,3.1,3.3,2.2,3.3,3.25,2.1,3.66,3.4,2.16,3.3,3.2,2.1,3.3,3.3,2.1,3.6,3.4,2.15,3.1,3.2,2.25,32,3.66,3.33,3.4,3.27,2.25,2.14,30,2.15,2.04,1.83,1.75,15,0.25,2.06,2.01,1.88,1.84,3.35,3.37,2.35
GER2,2012/13,2013-04-26,Ingolstadt,Braunschweig,0,1,A,0,0,D,2.88,3.3,2.4,2.9,3.3,2.3,2.9,3.3,2.3,2.9,3.1,2.4,2.9,3.25,2.29,3.18,3.3,2.45,2.88,3.2,2.3,3.0,3.2,2.3,3.0,3.3,2.45,3.0,3.2,2.3,40,3.25,2.96,3.32,3.2,2.51,2.38,37,2.2,2.11,1.79,1.71,23,0.25,1.82,1.79,2.14,2.09,2.9,3.36,2.61
GER2,2012/13,2013-04-26,Sandhausen,Bochum,0,1,A,0,1,A,3.6,3.6,1.95,3.6,3.6,1.91,3.6,3.6,1.91,3.5,3.4,2.0,3.75,3.4,1.9,4.08,3.7,1.96,3.5,3.25,2.0,3.75,3.4,1.95,3.9,3.6,1.95,3.4,3.5,2.0,40,4.1,3.69,3.7,3.48,2.05,1.95,37,1.95,1.82,2.09,1.97,22,0.25,2.3,2.24,1.71,1.68,4.21,3.82,1.9
GER2,2012/13,2013-04-26,Union Berlin,Regensburg,1,0,H,0,0,D,1.5,4.1,6.5,1.5,4.1,6.0,1.5,4.1,6.0,1.6,3.9,5.0,1.5,4.0,6.0,1.53,4.5,6.75,1.5,3.6,5.5,1.44,4.0,6.5,1.53,4.4,6.5,1.5,4.0,6.0,40,1.6,1.49,4.65,4.11,7.13,6.38,36,1.74,1.67,2.3,2.16,25,-1.0,1.83,1.81,2.16,2.06,1.59,4.08,6.65
GER2,2012/13,2013-04-27,Erzgebirge Aue,Duisburg,0,0,D,0,0,D,2.38,3.25,3.0,2.3,3.3,2.9,2.3,3.3,2.9,2.2,3.3,3.1,2.29,3.25,2.9,2.35,3.45,3.18,2.38,3.4,3.0,2.3,3.2,3.0,2.38,3.4,3.0,2.3,3.2,3.0,38,2.45,2.32,3.45,3.24,3.25,2.99,35,2.04,1.95,1.92,1.84,20,-0.25,2.1,2.05,1.89,1.83,2.08,3.49,3.86
GER2,2012/13,2013-04-27,Frankfurt FSV,Dresden,3,1,H,0,0,D,2.1,3.4,3.4,2.05,3.4,3.35,2.05,3.4,3.35,2.1,3.4,3.2,2.1,3.25,3.3,2.22,3.48,3.43,2.2,3.4,3.4,2.1,3.3,3.2,2.2,3.4,3.4,2.1,3.4,3.2,38,2.22,2.12,3.5,3.32,3.55,3.28,35,2.0,1.89,2.0,1.89,20,-0.25,1.92,1.89,2.02,1.98,2.35,3.53,3.17
GER2,2012/13,2013-04-28,FC Koln,Munich 1860,1,1,D,1,0,H,1.62,3.6,6.0,1.65,3.7,5.0,1.65,3.7,5.0,1.5,4.0,6.1,1.61,3.6,5.25,1.65,4.0,5.82,1.57,3.5,5.0,1.62,3.6,5.5,1.65,4.0,5.5,1.62,3.75,5.4,38,1.66,1.62,4.0,3.71,6.1,5.36,35,1.97,1.9,1.99,1.88,22,-1.0,2.22,2.15,1.78,1.73,1.6,4.2,6.25
GER2,2012/13,2013-04-28,Paderborn,Aalen,2,2,D,2,0,H,2.2,3.3,3.3,2.1,3.25,3.4,2.1,3.25,3.4,2.0,3.3,3.6,2.15,3.25,3.2,2.23,3.42,3.48,2.0,3.2,3.2,2.2,3.25,3.13,2.25,3.4,3.3,2.2,3.3,3.1,38,2.31,2.19,3.42,3.26,3.6,3.21,35,2.18,2.1,1.82,1.71,20,-0.25,1.96,1.93,1.98,1.94,2.29,3.39,3.4
GER2,2012/13,2013-04-28,St Pauli,Hertha,2,3,A,0,1,A,3.3,3.3,2.2,3.0,3.3,2.25,3.0,3.3,2.25,3.0,3.2,2.3,3.1,3.25,2.2,3.17,3.49,2.33,3.0,3.2,2.1,3.13,3.25,2.2,3.2,3.4,2.3,3.1,3.2,2.25,38,3.3,3.1,3.49,3.27,2.38,2.23,35,1.97,1.9,1.97,1.89,20,0.25,1.94,1.9,2.05,1.97,3.08,3.49,2.41
GER2,2012/13,2013-04-29,Cottbus,Kaiserslautern,4,2,H,1,0,H,4.0,3.4,1.91,3.8,3.3,1.95,3.8,3.3,1.95,3.7,3.5,1.9,4.0,3.25,1.9,4.17,3.49,1.99,3.5,3.2,1.91,4.0,3.3,1.91,4.1,3.4,1.92,3.6,3.4,1.95,36,4.17,3.75,3.5,3.37,2.05,1.95,33,2.18,2.06,1.84,1.73,19,0.25,2.29,2.21,1.73,1.7,4.36,3.62,1.94
GER2,2012/13,2013-05-03,Aalen,Regensburg,2,1,H,1,1,D,1.7,3.75,4.75,1.65,3.75,4.75,1.65,3.75,4.75,1.6,3.7,5.4,1.61,3.8,4.5,1.77,3.83,5.04,1.73,3.4,4.5,1.73,3.75,4.5,1.73,3.8,5.0,1.62,3.75,5.0,40,1.77,1.7,4.0,3.65,5.75,4.78,37,1.92,1.87,2.02,1.92,23,-0.75,2.05,2.0,1.96,1.86,1.71,3.7,5.84
GER2,2012/13,2013-05-03,Dresden,Paderborn,2,1,H,1,1,D,1.7,3.8,4.75,1.7,3.9,4.25,1.7,3.9,4.25,1.75,3.6,4.3,1.72,3.5,4.5,1.74,4.04,4.93,1.7,3.5,4.5,1.67,3.6,4.8,1.7,4.0,5.0,1.73,3.6,4.5,40,1.75,1.71,4.1,3.7,5.01,4.65,37,1.85,1.74,2.2,2.06,23,-0.75,1.96,1.92,1.99,1.94,1.71,4.07,5.09
GER2,2012/13,2013-05-03,Hertha,Erzgebirge Aue,3,2,H,3,0,H,1.4,4.75,7.0,1.42,4.75,6.0,1.42,4.75,6.0,1.4,4.6,6.8,1.36,4.33,8.0,1.44,4.78,8.09,1.4,4.2,7.0,1.4,4.33,7.0,1.44,4.75,7.5,1.4,4.5,7.0,40,1.45,1.4,5.0,4.49,8.39,7.41,34,1.72,1.67,2.3,2.16,24,-1.0,1.72,1.67,2.35,2.26,1.42,4.95,8.4
GER2,2012/13,2013-05-04,Bochum,FC Koln,2,1,H,0,1,A,3.1,3.3,2.3,2.65,3.4,2.45,2.65,3.4,2.45,2.7,3.4,2.4,2.8,3.25,2.37,3.0,3.5,2.43,2.62,3.2,2.3,2.88,3.25,2.38,3.0,3.5,2.4,2.88,3.3,2.3,40,3.1,2.88,3.48,3.3,2.45,2.36,35,1.92,1.83,2.08,1.95,20,0.25,1.85,1.81,2.11,2.07,3.06,3.46,2.44
GER2,2012/13,2013-05-04,Sandhausen,Ingolstadt,3,1,H,1,1,D,3.25,3.5,2.1,3.1,3.4,2.15,3.1,3.4,2.15,3.1,3.3,2.2,3.2,3.4,2.1,3.58,3.5,2.15,3.0,3.2,2.1,3.3,3.3,2.1,3.4,3.5,2.15,3.25,3.5,2.05,40,3.64,3.29,3.55,3.39,2.25,2.11,35,2.05,1.95,1.97,1.84,20,0.25,2.06,2.01,1.89,1.86,3.88,3.67,2.02
GER2,2012/13,2013-05-05,Duisburg,St Pauli,0,0,D,0,0,D,2.4,3.25,2.9,2.3,3.3,2.9,2.3,3.3,2.9,2.4,3.3,2.75,2.4,3.25,2.75,2.5,3.4,2.99,2.3,3.2,2.62,2.4,3.2,2.8,2.45,3.4,2.9,2.4,3.2,2.88,38,2.56,2.4,3.4,3.23,3.0,2.85,35,1.95,1.89,2.0,1.9,20,-0.25,2.18,2.1,1.81,1.77,2.63,3.39,2.85
GER2,2012/13,2013-05-05,Kaiserslautern,Frankfurt FSV,4,1,H,4,0,H,1.5,4.25,6.0,1.53,4.2,5.25,1.53,4.2,5.25,1.55,3.9,5.6,1.5,4.2,5.5,1.59,4.22,6.1,1.44,4.0,5.5,1.53,4.0,5.5,1.53,4.2,6.5,1.53,3.8,6.0,38,1.59,1.53,4.3,3.99,6.5,5.89,35,1.84,1.76,2.15,2.04,22,-1.0,2.03,1.97,1.97,1.88,1.52,4.65,6.61
GER2,2012/13,2013-05-05,Munich 1860,Union Berlin,3,0,H,2,0,H,2.1,3.3,3.5,2.0,3.4,3.5,2.0,3.4,3.5,2.0,3.4,3.5,2.04,3.3,3.4,2.14,3.45,3.66,2.0,3.2,3.2,2.0,3.3,3.5,2.1,3.4,3.7,2.05,3.4,3.4,38,2.2,2.06,3.45,3.3,3.7,3.45,35,2.12,1.98,1.89,1.8,20,-0.25,1.87,1.78,2.15,2.1,2.0,3.59,4.05
GER2,2012/13,2013-05-06,Braunschweig,Cottbus,0,0,D,0,0,D,1.7,3.75,4.75,1.67,3.8,4.6,1.67,3.8,4.6,1.7,3.6,4.7,1.61,3.75,5.0,1.76,3.77,5.12,1.73,3.4,4.5,,,,1.73,3.75,5.2,1.73,3.4,4.75,35,1.76,1.7,3.77,3.54,5.5,4.9,32,2.1,2.0,1.87,1.78,18,-0.75,2.01,1.97,1.95,1.9,1.99,3.57,4.16
GER2,2012/13,2013-05-12,Aalen,Dresden,3,0,H,1,0,H,3.0,3.4,2.3,2.85,3.4,2.3,2.85,3.4,2.3,2.8,3.4,2.3,2.75,3.3,2.38,2.99,3.44,2.47,2.88,3.3,2.25,3.0,3.25,2.3,3.1,3.4,2.38,2.88,3.25,2.38,37,3.1,2.92,3.44,3.26,2.5,2.35,33,1.95,1.87,1.99,1.92,20,0.25,1.87,1.83,2.1,2.03,3.06,3.44,2.46
GER2,2012/13,2013-05-12,Cottbus,Sandhausen,3,0,H,2,0,H,1.62,3.75,5.5,1.6,3.9,5.0,1.6,3.9,5.0,1.55,4.2,5.0,1.57,3.75,5.5,1.64,4.22,5.51,1.57,3.6,5.5,1.57,3.75,5.75,1.62,4.2,5.4,1.57,3.75,5.5,37,1.64,1.58,4.22,3.76,6.17,5.59,21,1.75,1.65,2.34,2.17,20,-0.75,1.8,1.76,2.19,2.12,1.49,4.82,6.81
GER2,2012/13,2013-05-12,Erzgebirge Aue,Ingolstadt,0,1,A,0,0,D,2.0,3.5,3.6,1.91,3.6,3.6,1.91,3.6,3.6,2.1,3.4,3.2,1.95,3.25,3.75,2.06,3.51,3.85,2.0,3.25,3.5,2.0,3.4,3.6,2.05,3.5,3.7,2.0,3.4,3.5,37,2.1,1.99,3.6,3.36,4.0,3.63,33,2.03,1.96,1.97,1.84,20,-0.25,1.82,1.77,2.18,2.11,2.2,3.48,3.55
GER2,2012/13,2013-05-12,FC Koln,Hertha,1,2,A,0,1,A,2.15,3.5,3.2,2.1,3.4,3.2,2.1,3.4,3.2,2.2,3.5,2.9,2.1,3.25,3.3,2.16,3.74,3.33,2.1,3.4,3.1,2.1,3.5,3.13,2.2,3.6,3.2,2.1,3.4,3.25,37,2.22,2.13,3.74,3.4,3.4,3.21,33,1.81,1.74,2.18,2.06,20,-0.25,1.97,1.93,2.01,1.93,2.19,3.66,3.37
GER2,2012/13,2013-05-12,Frankfurt FSV,Bochum,2,1,H,1,0,H,2.5,3.4,2.7,2.4,3.3,2.75,2.4,3.3,2.75,2.3,3.5,2.75,2.38,3.4,2.7,2.61,3.54,2.74,2.5,3.1,2.7,2.5,3.25,2.63,2.55,3.5,2.7,2.5,3.2,2.7,37,2.73,2.52,3.59,3.3,2.88,2.67,21,1.73,1.67,2.3,2.12,20,-0.25,2.35,2.28,1.73,1.65,2.98,3.58,2.43
GER2,2012/13,2013-05-12,Paderborn,Munich 1860,2,0,H,1,0,H,2.7,3.4,2.5,2.55,3.3,2.6,2.55,3.3,2.6,2.3,3.3,2.9,2.62,3.25,2.5,2.64,3.45,2.76,2.7,3.1,2.5,2.6,3.2,2.63,2.7,3.4,2.63,2.7,3.2,2.5,37,2.75,2.59,3.45,3.23,2.9,2.63,33,1.95,1.88,2.02,1.92,20,0.25,1.7,1.66,2.38,2.26,2.59,3.48,2.85
GER2,2012/13,2013-05-12,Regensburg,Kaiserslautern,1,3,A,1,2,A,8.5,4.75,1.36,8.75,5.0,1.3,8.75,5.0,1.3,6.8,4.6,1.4,7.5,4.5,1.36,9.02,4.97,1.39,8.5,4.8,1.3,9.0,4.5,1.33,9.0,4.8,1.36,8.0,5.0,1.33,36,9.7,8.26,5.2,4.68,1.4,1.35,20,1.68,1.63,2.33,2.18,20,1.25,2.14,2.09,1.84,1.79,8.1,5.01,1.42
GER2,2012/13,2013-05-12,St Pauli,Braunschweig,5,1,H,2,0,H,1.85,3.4,4.33,1.87,3.4,4.0,1.87,3.4,4.0,2.0,3.4,3.5,1.91,3.4,3.75,1.93,3.58,4.31,1.91,3.3,3.75,1.9,3.4,4.0,1.95,3.5,4.0,1.91,3.5,3.75,37,2.0,1.91,3.65,3.4,4.33,3.88,33,1.87,1.79,2.08,2.0,20,-0.25,1.7,1.66,2.35,2.26,1.86,3.82,4.32
GER2,2012/13,2013-05-12,Union Berlin,Duisburg,2,1,H,0,0,D,1.91,3.5,4.0,1.9,3.4,3.8,1.9,3.4,3.8,2.1,3.2,3.4,1.91,3.5,3.6,2.05,3.6,3.78,2.0,3.25,3.5,1.95,3.4,3.6,2.05,3.6,3.6,1.95,3.5,3.6,37,2.1,1.98,3.65,3.37,4.0,3.64,33,1.87,1.8,2.09,2.0,20,-0.25,1.82,1.76,2.16,2.1,1.93,3.64,4.32
GER2,2012/13,2013-05-19,Bochum,Union Berlin,1,2,A,0,0,D,1.95,3.5,3.8,2.0,3.5,3.4,2.0,3.5,3.4,1.9,3.6,3.6,1.91,3.5,3.5,1.97,3.88,3.74,1.95,3.5,3.4,1.95,3.5,3.6,2.0,3.8,3.6,1.95,3.5,3.6,36,2.0,1.95,3.88,3.5,3.8,3.56,21,1.5,1.45,2.82,2.62,20,-0.5,2.02,1.97,1.94,1.89,1.85,4.07,4.2
GER2,2012/13,2013-05-19,Braunschweig,Frankfurt FSV,2,2,D,1,1,D,1.91,3.75,3.6,2.0,3.5,3.4,2.0,3.5,3.4,2.0,3.4,3.5,1.85,3.5,3.75,1.99,3.82,3.77,1.91,3.5,3.5,1.95,3.5,3.5,2.0,3.8,3.6,1.91,3.5,3.75,33,2.0,1.95,3.82,3.48,3.8,3.6,21,1.57,1.52,2.65,2.42,20,-0.5,2.02,1.97,1.94,1.89,2.16,3.52,3.6
GER2,2012/13,2013-05-19,Dresden,Regensburg,3,1,H,0,0,D,1.36,4.75,8.0,1.3,5.75,7.25,1.3,5.75,7.25,1.27,5.2,10.0,1.33,4.75,8.0,1.33,5.61,9.69,1.33,5.0,7.0,1.33,5.0,7.5,1.33,5.5,8.5,1.33,4.75,8.5,32,1.36,1.33,5.61,5.0,10.0,8.05,21,1.5,1.44,3.0,2.67,19,-1.25,1.79,1.76,2.21,2.12,1.37,5.81,8.1
GER2,2012/13,2013-05-19,Duisburg,Paderborn,3,2,H,1,1,D,2.1,3.6,3.2,2.15,3.4,3.1,2.15,3.4,3.1,2.1,3.4,3.2,2.05,3.3,3.25,2.1,3.69,3.55,2.05,3.4,3.2,2.05,3.4,3.4,2.1,3.6,3.4,2.1,3.4,3.2,36,2.1,2.08,3.68,3.4,3.55,3.3,24,1.65,1.59,2.38,2.25,20,-0.5,2.14,2.08,1.83,1.78,2.36,3.42,3.24
GER2,2012/13,2013-05-19,Hertha,Cottbus,1,1,D,0,1,A,1.5,4.5,5.75,1.5,4.5,5.25,1.5,4.5,5.25,1.4,4.4,7.3,1.44,4.33,6.0,1.53,4.55,6.45,1.5,4.0,5.5,1.5,4.33,5.5,1.53,4.5,6.0,1.5,4.33,5.5,36,1.53,1.48,4.6,4.32,7.3,5.81,21,1.5,1.45,2.82,2.63,20,-1.0,1.88,1.83,2.08,2.03,1.64,4.28,5.54
GER2,2012/13,2013-05-19,Ingolstadt,FC Koln,0,3,A,0,0,D,2.8,3.4,2.4,2.75,3.4,2.35,2.75,3.4,2.35,2.5,3.4,2.6,2.75,3.2,2.4,2.93,3.6,2.41,2.62,3.4,2.38,2.8,3.3,2.38,2.9,3.6,2.4,2.75,3.3,2.4,36,2.94,2.8,3.6,3.28,2.6,2.41,24,1.65,1.6,2.38,2.25,19,0.25,1.85,1.81,2.13,2.05,2.75,3.6,2.61
GER2,2012/13,2013-05-19,Kaiserslautern,St Pauli,1,2,A,0,2,A,1.75,3.75,4.5,1.75,3.75,4.1,1.75,3.75,4.1,1.8,3.6,4.0,1.73,3.75,4.0,1.83,4.17,4.12,1.8,3.6,3.8,1.73,3.75,4.0,1.8,4.1,4.0,1.75,3.75,4.2,36,1.85,1.79,4.17,3.73,4.5,3.98,21,1.5,1.46,2.78,2.6,20,-0.75,2.11,2.05,1.87,1.8,1.68,4.36,4.94
GER2,2012/13,2013-05-19,Munich 1860,Aalen,3,0,H,1,0,H,2.0,3.6,3.5,1.95,3.6,3.5,1.95,3.6,3.5,2.0,3.4,3.5,1.95,3.4,3.5,1.96,3.75,3.84,2.0,3.3,3.4,2.0,3.4,3.6,2.0,3.75,3.6,2.0,3.4,3.5,36,2.02,1.98,3.75,3.43,3.84,3.55,27,1.75,1.67,2.27,2.13,20,-0.5,2.03,1.99,1.9,1.86,2.04,3.59,3.9
GER2,2012/13,2013-05-19,Sandhausen,Erzgebirge Aue,0,1,A,0,0,D,5.0,3.8,1.67,3.8,4.1,1.75,3.8,4.1,1.75,4.1,3.7,1.75,4.33,3.6,1.7,4.72,4.09,1.75,4.0,3.75,1.73,4.5,3.75,1.73,4.6,4.0,1.73,4.2,3.8,1.73,36,5.0,4.39,4.09,3.76,1.8,1.72,21,1.53,1.48,2.75,2.54,20,0.75,1.99,1.95,1.96,1.91,5.41,4.26,1.65
